"sample_size","sample_design","coef","cov_name","num_sim","analysis","lrt","wald","score"
100,"Intensive",0.25,"AGE",1000,"type_one",-0.542387293809952,1.3088943400127e-150,3.30784922603783
100,"Intensive",0.25,"AGE",1000,"type_one",0.013874177057005,1.03646595366208e-150,0.013430253565567
100,"Intensive",0.25,"AGE",1000,"type_one",0.0278652030856392,0.0261188614536601,0.026867988736327
100,"Intensive",0.25,"AGE",1000,"type_one",0.350700437033993,0.345475613134592,0.336702099586384
100,"Intensive",0.25,"AGE",1000,"type_one",1.60627171868964,1.62433737933564,1.53321359333973
100,"Intensive",0.25,"AGE",1000,"type_one",2.57573836987649,2.60358978765047,2.44831063087117
100,"Intensive",0.25,"AGE",1000,"type_one",0.169120273732915,0.170221988752887,0.16296340058903
100,"Intensive",0.25,"AGE",1000,"type_one",1.36935605586041,1.38530923315506,1.31102290824187
100,"Intensive",0.25,"AGE",1000,"type_one",1.29117706057059,1.29625797769165,1.23445762136565
100,"Intensive",0.25,"AGE",1000,"type_one",-0.354140095363618,3.36958814943697e-150,1.91011074320353
100,"Intensive",0.25,"AGE",1000,"type_one",0.362432744539547,0.363535367249719,0.349201348799909
100,"Intensive",0.25,"AGE",1000,"type_one",0.141923856399444,0.139329069707326,0.136599385083853
100,"Intensive",0.25,"AGE",1000,"type_one",-0.312684671136594,1.45183086920539e-150,1.52547997735442
100,"Intensive",0.25,"AGE",1000,"type_one",-0.100096022004436,2.42042430421913e-150,0.142779984344517
100,"Intensive",0.25,"AGE",1000,"type_one",3.03761923104594,3.07508734843937,2.88044315283677
100,"Intensive",0.25,"AGE",1000,"type_one",0.51569061356804,0.514137831445719,0.494709106858673
100,"Intensive",0.25,"AGE",1000,"type_one",-0.0904278212829013,1.2021005639953e-150,0.0660209726767068
100,"Intensive",0.25,"AGE",1000,"type_one",0.849879784394943,0.858918404115805,0.815928588358134
100,"Intensive",0.25,"AGE",1000,"type_one",-0.257566800897621,3.10314445396103e-150,0.9581954865149
100,"Intensive",0.25,"AGE",1000,"type_one",-0.18861239744183,1.90203526386867e-150,0.379744668422927
100,"Intensive",0.25,"AGE",1000,"type_one",3.03446535706371,3.0656808919664,2.8800013032694
100,"Intensive",0.25,"AGE",1000,"type_one",-0.14748377894739,1.47242368189723e-150,0.315559219632122
100,"Intensive",0.25,"AGE",1000,"type_one",1.76829698956317,1.77546173756326,1.6875586235678
100,"Intensive",0.25,"AGE",1000,"type_one",0.277824504963974,0.275370496480943,0.267736747992337
100,"Intensive",0.25,"AGE",1000,"type_one",-0.0937676112507688,1.0843215854456e-150,0.113632867635116
100,"Intensive",0.25,"AGE",1000,"type_one",-0.0722767369834401,1.93056721162591e-150,0.0512220794592413
100,"Intensive",0.25,"AGE",1000,"type_one",0.848516399736582,0.853327946772432,0.813778363670147
100,"Intensive",0.25,"AGE",1000,"type_one",0.423428221528411,0.422522837753266,0.406361117075814
100,"Intensive",0.25,"AGE",1000,"type_one",-0.0703269521900438,1.86238463452226e-150,0.0415228174207962
100,"Intensive",0.25,"AGE",1000,"type_one",-0.0986014758400415,1.66575331613052e-150,0.113848328561237
100,"Intensive",0.25,"AGE",1000,"type_one",-0.227365446146905,1.34668068288996e-150,0.660275000532418
100,"Intensive",0.25,"AGE",1000,"type_one",-0.0246177035278379,1.31186436705888e-150,0.00130020347734647
100,"Intensive",0.25,"AGE",1000,"type_one",0.465285376548309,0.466682012327255,0.446929462189895
100,"Intensive",0.25,"AGE",1000,"type_one",-0.18648568120625,2.17366945337991e-150,0.361684689370168
100,"Intensive",0.25,"AGE",1000,"type_one",0.030760218613068,0.0294173219172021,0.029640810873234
100,"Intensive",0.25,"AGE",1000,"type_one",-0.0873940378014595,1.65699922611489e-150,0.0646778519412382
100,"Intensive",0.25,"AGE",1000,"type_one",0.964162361794479,0.966110516580158,0.92264058390522
100,"Intensive",0.25,"AGE",1000,"type_one",0.143885557930844,0.14344169808439,0.138713129799999
100,"Intensive",0.25,"AGE",1000,"type_one",-0.311042710296533,5.84960710319135e-150,1.63739586812476
100,"Intensive",0.25,"AGE",1000,"type_one",2.1297744690155,2.13249669347859,2.03273303829763
100,"Intensive",0.25,"AGE",1000,"type_one",-0.1706735753678,3.42916476940732e-150,0.334734581680474
100,"Intensive",0.25,"AGE",1000,"type_one",-0.211770970713587,3.75345582178894e-150,0.658994222324813
100,"Intensive",0.25,"AGE",1000,"type_one",-0.324206502657944,1.5146512179505e-150,1.81470161254199
100,"Intensive",0.25,"AGE",1000,"type_one",-0.121947544460454,1.40479378556217e-150,0.146210251389855
100,"Intensive",0.25,"AGE",1000,"type_one",-0.216382328656437,1.30828658066976e-150,0.44199838642607
100,"Intensive",0.25,"AGE",1000,"type_one",-0.106781122524808,2.41170415243415e-150,0.1730947782762
100,"Intensive",0.25,"AGE",1000,"type_one",0.146702405279939,0.147495447898804,0.141094579953939
100,"Intensive",0.25,"AGE",1000,"type_one",4.42278026139411,4.50950046881049,4.16525237199871
100,"Intensive",0.25,"AGE",1000,"type_one",0.388914654385189,0.39140033674657,0.37313816209633
100,"Intensive",0.25,"AGE",1000,"type_one",0.545560824013592,0.547186125553447,0.524920141955874
100,"Intensive",0.25,"AGE",1000,"type_one",1.01861842148446,1.03454953083847,0.97436019646697
100,"Intensive",0.25,"AGE",1000,"type_one",-0.37609735389924,1.67054498215509e-150,1.9779834816808
100,"Intensive",0.25,"AGE",1000,"type_one",-0.306592297856696,1.1859820772906e-150,1.75860190285428
100,"Intensive",0.25,"AGE",1000,"type_one",-0.0666239997335651,1.22372083911237e-150,0.0431986353069184
100,"Intensive",0.25,"AGE",1000,"type_one",0.0535657281179738,0.0514367570178955,0.0516528541283422
100,"Intensive",0.25,"AGE",1000,"type_one",1.33789175239963,1.34146005922354,1.27982561716801
100,"Intensive",0.25,"AGE",1000,"type_one",0.457813414981501,0.459139009912401,0.440909344343688
100,"Intensive",0.25,"AGE",1000,"type_one",-0.671119545191686,1.41553777751232e-150,5.37164674149855
100,"Intensive",0.25,"AGE",1000,"type_one",-0.0263440104472465,1.61196869568836e-150,0.00504679269815822
100,"Intensive",0.25,"AGE",1000,"type_one",-0.520830867269069,3.81970898866123e-150,3.80323123524064
100,"Intensive",0.25,"AGE",1000,"type_one",-0.233968282738715,1.34349515534086e-150,0.571513771569555
100,"Intensive",0.25,"AGE",1000,"type_one",1.3481975638997,1.34656727978493,1.29226459959344
100,"Intensive",0.25,"AGE",1000,"type_one",0.409258520548974,0.406430198061914,0.393253201182289
100,"Intensive",0.25,"AGE",1000,"type_one",0.125989711644252,0.125706565624754,0.12140369899485
100,"Intensive",0.25,"AGE",1000,"type_one",0.866066380320262,0.870440039633544,0.831781998337071
100,"Intensive",0.25,"AGE",1000,"type_one",-0.164113909026128,1.29950809716256e-150,0.387188112438224
100,"Intensive",0.25,"AGE",1000,"type_one",-0.12023672236046,2.48534851949047e-150,0.248137775609286
100,"Intensive",0.25,"AGE",1000,"type_one",-0.0479553931863848,2.61885588409145e-150,0.0141971395004695
100,"Intensive",0.25,"AGE",1000,"type_one",-0.553240106681187,2.01016310125115e-150,4.3597522661877
100,"Intensive",0.25,"AGE",1000,"type_one",-0.139473067340077,1.28561837445121e-150,0.291699308044112
100,"Intensive",0.25,"AGE",1000,"type_one",-0.156924531833283,1.67325155002602e-150,0.340359192196598
100,"Intensive",0.25,"AGE",1000,"type_one",0.0173724300939284,0.0164010337035132,0.0167345458954926
100,"Intensive",0.25,"AGE",1000,"type_one",-0.168391401197368,1.68389473578429e-150,0.333829054668781
100,"Intensive",0.25,"AGE",1000,"type_one",0.732504031506323,0.735903343546755,0.70426910185575
100,"Intensive",0.25,"AGE",1000,"type_one",0.721934623096786,0.726328451857477,0.694849246881556
100,"Intensive",0.25,"AGE",1000,"type_one",-0.170109039669114,1.93707508442015e-150,0.412330114383283
100,"Intensive",0.25,"AGE",1000,"type_one",1.39929449045212,1.4067606987751,1.33024172056642
100,"Intensive",0.25,"AGE",1000,"type_one",0.974319634045969,0.976610782494039,0.930950263537838
100,"Intensive",0.25,"AGE",1000,"type_one",-0.32520002995625,1.91674690328933e-150,1.41893214247199
100,"Intensive",0.25,"AGE",1000,"type_one",0.36021003757287,0.35855952624828,0.346409324881597
100,"Intensive",0.25,"AGE",1000,"type_one",0.0437791474168989,0.0447831738629445,0.0421693184913145
100,"Intensive",0.25,"AGE",1000,"type_one",-0.293877933848307,1.82923910084324e-150,1.23991362247268
100,"Intensive",0.25,"AGE",1000,"type_one",1.75242064798113,1.76280722844032,1.67134821619425
100,"Intensive",0.25,"AGE",1000,"type_one",-0.158587592329241,1.47794215052913e-150,0.244805430663979
100,"Intensive",0.25,"AGE",1000,"type_one",-0.139713688616212,2.97939765900673e-150,0.233889357365912
100,"Intensive",0.25,"AGE",1000,"type_one",-0.377912680802183,8.01320315328759e-150,1.85248383441821
100,"Intensive",0.25,"AGE",1000,"type_one",0.817084542524753,0.811384288181882,0.784605704425997
100,"Intensive",0.25,"AGE",1000,"type_one",0.209315917702042,0.209869673308931,0.201596638842515
100,"Intensive",0.25,"AGE",1000,"type_one",-0.0768499558807889,2.72683203223997e-150,0.066573647167085
100,"Intensive",0.25,"AGE",1000,"type_one",-0.0812844517358826,1.02185792209747e-150,0.0831905142691424
100,"Intensive",0.25,"AGE",1000,"type_one",0.329588947212869,0.327490590432787,0.317704011332115
100,"Intensive",0.25,"AGE",1000,"type_one",2.38938999103084,2.40296508657021,2.27803844874734
100,"Intensive",0.25,"AGE",1000,"type_one",-0.0705768591078595,1.05754410221524e-150,0.0325412788687778
100,"Intensive",0.25,"AGE",1000,"type_one",-0.102735393375951,1.03144256785196e-150,0.114282327116015
100,"Intensive",0.25,"AGE",1000,"type_one",2.85760889679841,2.87447776929978,2.71457586228468
100,"Intensive",0.25,"AGE",1000,"type_one",0.984305755789137,0.985602922959902,0.942843253285756
100,"Intensive",0.25,"AGE",1000,"type_one",-0.468814181457674,1.06765186232252e-150,2.54716588551979
100,"Intensive",0.25,"AGE",1000,"type_one",-0.0828932365411674,2.53492164423618e-150,0.100635522220182
100,"Intensive",0.25,"AGE",1000,"type_one",0.0385735897789345,0.0409254527620027,0.0371872437581097
100,"Intensive",0.25,"AGE",1000,"type_one",2.2189062286443,2.22593444980295,2.11159940012591
100,"Intensive",0.25,"AGE",1000,"type_one",-0.0871994882390936,2.04935028669917e-150,0.104937262109865
100,"Intensive",0.25,"AGE",1000,"type_one",0.522469291031484,0.529685873064199,0.502464455484834
100,"Intensive",0.25,"AGE",1000,"type_one",0.00683734714584716,0.186413725705975,0.00700323256850099
100,"Intensive",0.25,"AGE",1000,"type_one",-0.380801319665807,1.05453152550968e-150,2.49774669610007
100,"Intensive",0.25,"AGE",1000,"type_one",0.3067346647058,0.307942219908585,0.295006785136864
100,"Intensive",0.25,"AGE",1000,"type_one",-0.0294783854169509,1.42717924249173e-150,0.0055100314619432
100,"Intensive",0.25,"AGE",1000,"type_one",0.0845764768619119,0.0864402874880524,0.081295249691393
100,"Intensive",0.25,"AGE",1000,"type_one",-0.0168399511221651,1.35464536817804e-150,4.70082930488591e-06
100,"Intensive",0.25,"AGE",1000,"type_one",-0.387665351748183,1.39641974143725e-150,2.27113469013644
100,"Intensive",0.25,"AGE",1000,"type_one",0.166570373116883,0.166832752529858,0.160265999599877
100,"Intensive",0.25,"AGE",1000,"type_one",-0.371105476311641,1.11228629704501e-150,1.78761244222304
100,"Intensive",0.25,"AGE",1000,"type_one",-0.163066972959314,1.16901937899331e-150,0.386208675474732
100,"Intensive",0.25,"AGE",1000,"type_one",0.859392463990844,0.859216168057842,0.825302977685567
100,"Intensive",0.25,"AGE",1000,"type_one",2.52922221214612,2.54368960574427,2.41042878283817
100,"Intensive",0.25,"AGE",1000,"type_one",-0.209440848283521,2.22716898415965e-150,0.623484522118072
100,"Intensive",0.25,"AGE",1000,"type_one",-0.320148024534319,3.2448407936262e-150,1.31026656823025
100,"Intensive",0.25,"AGE",1000,"type_one",-0.284756070481308,1.09940168514044e-150,1.20893457094936
100,"Intensive",0.25,"AGE",1000,"type_one",-0.235303015819227,1.7810629163026e-150,0.760357040405369
100,"Intensive",0.25,"AGE",1000,"type_one",1.70978304715209,1.71513411032653,1.63328844176344
100,"Intensive",0.25,"AGE",1000,"type_one",0.163886905473191,0.161411350794176,0.157976923024052
100,"Intensive",0.25,"AGE",1000,"type_one",0.605900381846368,0.611389344164242,0.579960059046639
100,"Intensive",0.25,"AGE",1000,"type_one",0.439487728610402,0.436963590910197,0.422573264094411
100,"Intensive",0.25,"AGE",1000,"type_one",-0.146503271042093,1.34839198994098e-150,0.279439867400179
100,"Intensive",0.25,"AGE",1000,"type_one",4.20791845693293,4.27902256984978,3.9603739158566
100,"Intensive",0.25,"AGE",1000,"type_one",-0.538316570616189,1.22497533220744e-150,5.1608512589706
100,"Intensive",0.25,"AGE",1000,"type_one",3.30448171318767,3.34126530045697,3.13119690524937
100,"Intensive",0.25,"AGE",1000,"type_one",0.229239674748897,0.226812391540646,0.220883805110707
100,"Intensive",0.25,"AGE",1000,"type_one",-0.324110753336754,1.57828659434716e-150,1.60909902213307
100,"Intensive",0.25,"AGE",1000,"type_one",-0.105228857458314,1.7094684334788e-150,0.140272777335031
100,"Intensive",0.25,"AGE",1000,"type_one",0.0428840590502659,0.0424737179336367,0.0413703510606239
100,"Intensive",0.25,"AGE",1000,"type_one",0.114166337742063,0.116043109768219,0.109931202171073
100,"Intensive",0.25,"AGE",1000,"type_one",-0.0349233186843776,1.24605206991343e-150,0.00673593748710231
100,"Intensive",0.25,"AGE",1000,"type_one",-0.259346244874905,3.76818825574607e-150,1.00795924216326
100,"Intensive",0.25,"AGE",1000,"type_one",-0.16070758076512,1.18322552005174e-150,0.351786317441463
100,"Intensive",0.25,"AGE",1000,"type_one",0.242687335394294,0.24613204114083,0.232583626777756
100,"Intensive",0.25,"AGE",1000,"type_one",3.13732704875474,3.16133176546851,2.96933911398407
100,"Intensive",0.25,"AGE",1000,"type_one",-0.166669958711282,1.61523184331904e-150,0.332750597719452
100,"Intensive",0.25,"AGE",1000,"type_one",3.14864794435925,3.18791948182304,2.98453258330139
100,"Intensive",0.25,"AGE",1000,"type_one",2.81007246215995,2.84668246290614,2.67188955251521
100,"Intensive",0.25,"AGE",1000,"type_one",-0.367896884185939,1.04977209695752e-150,2.00358984903482
100,"Intensive",0.25,"AGE",1000,"type_one",0.150944806967345,0.152005644791213,0.145259825736079
100,"Intensive",0.25,"AGE",1000,"type_one",-0.213167881314803,1.765116918199e-150,0.744368803053005
100,"Intensive",0.25,"AGE",1000,"type_one",0.754710686653198,0.761975054521315,0.722517593860284
100,"Intensive",0.25,"AGE",1000,"type_one",-0.155085632242844,1.14169087540377e-150,0.349549954333098
100,"Intensive",0.25,"AGE",1000,"type_one",5.78149019991815,5.92806209305379,5.41685580866604
100,"Intensive",0.25,"AGE",1000,"type_one",-0.0743583483263137,1.18854870609211e-150,0.0441692396118409
100,"Intensive",0.25,"AGE",1000,"type_one",1.09453010554898,1.10406822102269,1.04975446797547
100,"Intensive",0.25,"AGE",1000,"type_one",0.750339476663612,0.74803091345822,0.720536863691039
100,"Intensive",0.25,"AGE",1000,"type_one",-0.103885916655599,2.26093192505545e-150,0.100099656111177
100,"Intensive",0.25,"AGE",1000,"type_one",0.0409004275516054,0.0420115961458282,0.0394262493080663
100,"Intensive",0.25,"AGE",1000,"type_one",-0.00631338247421809,1.08352712718426e-150,0.00144884717419355
100,"Intensive",0.25,"AGE",1000,"type_one",1.85221270781949,1.88103713592813,1.76923362689394
100,"Intensive",0.25,"AGE",1000,"type_one",2.33721584294562,2.36425306931498,2.22518450424765
100,"Intensive",0.25,"AGE",1000,"type_one",-0.119241253644759,1.70847649315633e-150,0.139628799551919
100,"Intensive",0.25,"AGE",1000,"type_one",-0.00997965412807389,1.35122105880899e-150,0.000916759065337478
100,"Intensive",0.25,"AGE",1000,"type_one",0.0183571192928866,0.0198130893367128,0.0177778604495585
100,"Intensive",0.25,"AGE",1000,"type_one",-0.2174789908413,2.49938767445752e-150,0.505386601699415
100,"Intensive",0.25,"AGE",1000,"type_one",0.60955531005493,0.610533600159592,0.586104117424886
100,"Intensive",0.25,"AGE",1000,"type_one",-0.282027868161094,1.11235199201898e-150,1.82502983747666
100,"Intensive",0.25,"AGE",1000,"type_one",1.72701108921046,1.73724897800966,1.64618195691103
100,"Intensive",0.25,"AGE",1000,"type_one",-0.191158772607196,2.1917730622197e-150,0.618951118856533
100,"Intensive",0.25,"AGE",1000,"type_one",0.570894670749112,0.568244437228059,0.549453849624492
100,"Intensive",0.25,"AGE",1000,"type_one",0.0509793677210837,0.0522973365402523,0.0491557230028008
100,"Intensive",0.25,"AGE",1000,"type_one",-0.168097523601318,1.79075745930895e-150,0.384956869268911
100,"Intensive",0.25,"AGE",1000,"type_one",0.371732943401184,0.371221022856156,0.357917185118365
100,"Intensive",0.25,"AGE",1000,"type_one",-0.0936192653934995,1.81154555853881e-150,0.109073211425015
100,"Intensive",0.25,"AGE",1000,"type_one",-0.147714951946,1.57729169960262,0.328179140309264
100,"Intensive",0.25,"AGE",1000,"type_one",0.247208755751672,0.245877813072952,0.238102921094892
100,"Intensive",0.25,"AGE",1000,"type_one",-0.297031198654622,2.1459159984325e-150,1.10923725159804
100,"Intensive",0.25,"AGE",1000,"type_one",-0.117489122048937,1.32334667406838e-150,0.114381854122827
100,"Intensive",0.25,"AGE",1000,"type_one",0.265399829989292,0.263988863994703,0.25567578549883
100,"Intensive",0.25,"AGE",1000,"type_one",-0.509137536475464,1.53337454753676e-150,3.25765804103986
100,"Intensive",0.25,"AGE",1000,"type_one",1.63390156709011,1.63700721923046,1.56217942388128
100,"Intensive",0.25,"AGE",1000,"type_one",0.00500091027424787,1.22608783358705e-150,0.00728911565435698
100,"Intensive",0.25,"AGE",1000,"type_one",-0.166755646710953,2.15207800286736e-150,0.360859038764048
100,"Intensive",0.25,"AGE",1000,"type_one",-0.283173684463691,1.25259561297176e-150,1.2364340177002
100,"Intensive",0.25,"AGE",1000,"type_one",0.26142726926355,0.262181670494382,0.252445955679184
100,"Intensive",0.25,"AGE",1000,"type_one",0.075911568014817,0.0753700506585252,0.0731347151315913
100,"Intensive",0.25,"AGE",1000,"type_one",-0.287773627223032,1.60432529434041e-150,1.03596465879406
100,"Intensive",0.25,"AGE",1000,"type_one",0.0628327394651933,0.0631318478588659,0.0605177762000123
100,"Intensive",0.25,"AGE",1000,"type_one",0.0476278709293183,0.050588887305198,0.0459516937910888
100,"Intensive",0.25,"AGE",1000,"type_one",0.313762022678929,0.314403777713152,0.302230519630214
100,"Intensive",0.25,"AGE",1000,"type_one",4.33415940351824,4.41183098551978,4.09205074981764
100,"Intensive",0.25,"AGE",1000,"type_one",0.264457911125646,0.264035571890846,0.25447649727435
100,"Intensive",0.25,"AGE",1000,"type_one",1.14515136593673,1.15381611110403,1.09585110981478
100,"Intensive",0.25,"AGE",1000,"type_one",3.14844338755665,3.16578786872926,2.98801658333612
100,"Intensive",0.25,"AGE",1000,"type_one",-0.175588836174938,3.32088700854379e-150,0.491319410901807
100,"Intensive",0.25,"AGE",1000,"type_one",-0.221486152278885,2.80281615512494e-150,0.588758042549123
100,"Intensive",0.25,"AGE",1000,"type_one",1.58589591118289,1.5952750331189,1.512725636347
100,"Intensive",0.25,"AGE",1000,"type_one",0.102889073385086,0.101437820991085,0.0991977761481313
100,"Intensive",0.25,"AGE",1000,"type_one",-0.333806357813046,1.3858172192021e-150,1.67068965759874
100,"Intensive",0.25,"AGE",1000,"type_one",-0.256850748734905,3.17446299312907e-150,0.966311799455786
100,"Intensive",0.25,"AGE",1000,"type_one",-0.176937767247182,1.3563529283897e-150,0.326997454145347
100,"Intensive",0.25,"AGE",1000,"type_one",-0.305542523535223,1.42358513985573e-150,1.21161819506376
100,"Intensive",0.25,"AGE",1000,"type_one",-0.426245872009531,1.88524350795184e-150,2.58644647102685
100,"Intensive",0.25,"AGE",1000,"type_one",0.284040755499518,0.281204811946404,0.27376413865936
100,"Intensive",0.25,"AGE",1000,"type_one",-0.0349268969684999,1.00926792731914,0.00390032094861124
100,"Intensive",0.25,"AGE",1000,"type_one",1.69009440313948,1.69524683898504,1.61561045798975
100,"Intensive",0.25,"AGE",1000,"type_one",-0.233044663250439,1.3301993269196e-150,0.580186840404551
100,"Intensive",0.25,"AGE",1000,"type_one",-0.684550316869718,1.67390539690374e-150,7.01443989072738
100,"Intensive",0.25,"AGE",1000,"type_one",-0.0232823348833335,1.80712584452552e-150,0.000695510228536681
100,"Intensive",0.25,"AGE",1000,"type_one",-0.23458206180203,1.32225735464458e-150,0.700710374740009
100,"Intensive",0.25,"AGE",1000,"type_one",-0.063577999849258,1.8003332736193e-150,0.0478120618459275
100,"Intensive",0.25,"AGE",1000,"type_one",0.0265353501945356,0.0266608329786387,0.0255682103127682
100,"Intensive",0.25,"AGE",1000,"type_one",0.0343201053101438,0.0335128515731707,0.0330466177449553
100,"Intensive",0.25,"AGE",1000,"type_one",-0.0859414649876271,1.87177300201121e-150,0.0637437183276354
100,"Intensive",0.25,"AGE",1000,"type_one",-0.0914192503723825,1.32402589716391e-150,0.103023923216348
100,"Intensive",0.25,"AGE",1000,"type_one",-0.397173482216203,1.10118369235817e-150,2.73532738503456
100,"Intensive",0.25,"AGE",1000,"type_one",0.277077154789367,0.277419683282512,0.266040884058741
100,"Intensive",0.25,"AGE",1000,"type_one",0.115464201407121,0.114661242894967,0.111504535492199
100,"Intensive",0.25,"AGE",1000,"type_one",2.63288797517998,2.65596034677029,2.49865318505056
100,"Intensive",0.25,"AGE",1000,"type_one",1.09631880853703,1.09728767623107,1.0508407146538
100,"Intensive",0.25,"AGE",1000,"type_one",0.921694916495653,0.922908795061267,0.882918079671801
100,"Intensive",0.25,"AGE",1000,"type_one",0.0189552491892755,0.0180723218630108,0.0181721156261729
100,"Intensive",0.25,"AGE",1000,"type_one",-0.0688151219519568,3.4645396416438e-150,0.0376769497201513
100,"Intensive",0.25,"AGE",1000,"type_one",-0.340742322007827,3.29553105430689e-150,1.36357702932175
100,"Intensive",0.25,"AGE",1000,"type_one",-0.0695508113703909,1.25675838100533e-150,0.0513804139422267
100,"Intensive",0.25,"AGE",1000,"type_one",-0.00384232119449734,1.33295899293379e-150,0.00191437823200106
100,"Intensive",0.25,"AGE",1000,"type_one",-0.0952553504803291,2.63526610004354e-150,0.0478968300833675
100,"Intensive",0.25,"AGE",1000,"type_one",0.235919246358208,0.234855574448384,0.227183889665503
100,"Intensive",0.25,"AGE",1000,"type_one",-0.44115978901209,1.2824348518441e-150,2.72981284152282
100,"Intensive",0.25,"AGE",1000,"type_one",10.0604295282928,10.4987309980206,9.19103071498854
100,"Intensive",0.25,"AGE",1000,"type_one",0.440649265329739,0.44029899159333,0.422276979620053
100,"Intensive",0.25,"AGE",1000,"type_one",0.0505059736524345,0.0506604968785697,0.0485174438583901
100,"Intensive",0.25,"AGE",1000,"type_one",0.0101949447962397,1.02854701314283e-150,0.00989942472633864
100,"Intensive",0.25,"AGE",1000,"type_one",-0.408956742572627,1.79489597277638e-150,2.25410855343638
100,"Intensive",0.25,"AGE",1000,"type_one",-0.0137957331198777,1.45975971566378e-150,0.000540650206788248
100,"Intensive",0.25,"AGE",1000,"type_one",-0.382949062516673,2.61958498311555e-150,1.88004238507759
100,"Intensive",0.25,"AGE",1000,"type_one",-0.0941537282778881,1.14507260173924e-150,0.0678217162434116
100,"Intensive",0.25,"AGE",1000,"type_one",2.17758326880721,2.20805202817491,2.07416493788844
100,"Intensive",0.25,"AGE",1000,"type_one",0.148848786943745,0.148384352065843,0.142990886972555
100,"Intensive",0.25,"AGE",1000,"type_one",-0.0838915621989145,1.05047803298319e-150,0.080541354602929
100,"Intensive",0.25,"AGE",1000,"type_one",-0.0751495832828368,1.03713315860348e-150,0.0649795449837537
100,"Intensive",0.25,"AGE",1000,"type_one",0.61613862366903,0.621867148481201,0.589333090327072
100,"Intensive",0.25,"AGE",1000,"type_one",0.0866315447401576,0.085566214098713,0.0832777546831566
100,"Intensive",0.25,"AGE",1000,"type_one",-0.0880107851589855,2.06692424043039e-150,0.0886030977402691
100,"Intensive",0.25,"AGE",1000,"type_one",3.00878439506596,3.04626662023369,2.85511105005508
100,"Intensive",0.25,"AGE",1000,"type_one",1.65190778914712,1.65110450818246,1.5800949940245
100,"Intensive",0.25,"AGE",1000,"type_one",0.611720166754822,0.618631771985195,0.588018382044352
100,"Intensive",0.25,"AGE",1000,"type_one",0.00974468310596421,1.95570291858752e-150,0.0100344608001143
100,"Intensive",0.25,"AGE",1000,"type_one",-0.110160450833973,1.4398767439131e-150,0.14353122715015
100,"Intensive",0.25,"AGE",1000,"type_one",-0.222528801597036,1.08601497659151e-150,0.772385165307939
100,"Intensive",0.25,"AGE",1000,"type_one",0.746832931383324,0.750425817549827,0.717453252777866
100,"Intensive",0.25,"AGE",1000,"type_one",-0.262791718147128,1.36390659501544e-150,1.07240717974757
100,"Intensive",0.25,"AGE",1000,"type_one",-0.341230018883834,2.49637942979112e-150,1.75792916024517
100,"Intensive",0.25,"AGE",1000,"type_one",1.01016538161093,1.01346875449157,0.969117789572949
100,"Intensive",0.25,"AGE",1000,"type_one",-0.0789762345348208,1.92280096325952e-150,0.0507869969562563
100,"Intensive",0.25,"AGE",1000,"type_one",1.19792666736157,1.20247440977828,1.14828126235248
100,"Intensive",0.25,"AGE",1000,"type_one",2.20137458066256,2.21707574991246,2.09595960531547
100,"Intensive",0.25,"AGE",1000,"type_one",1.15642267267958,1.16077956707901,1.10922927223056
100,"Intensive",0.25,"AGE",1000,"type_one",-0.0133245389079093,1.05352298438545e-150,4.870685351044e-05
100,"Intensive",0.25,"AGE",1000,"type_one",0.0153248762380827,0.0156075505931898,0.0147863114214083
100,"Intensive",0.25,"AGE",1000,"type_one",2.1449673779789,2.17116782598122,2.03526299832213
100,"Intensive",0.25,"AGE",1000,"type_one",-0.250867648567692,3.66646963168982,0.912476920403016
100,"Intensive",0.25,"AGE",1000,"type_one",-0.289946377009983,1.71333270784553e-150,1.50364780995081
100,"Intensive",0.25,"AGE",1000,"type_one",3.11147097452704,3.15314679053583,2.95399347047175
100,"Intensive",0.25,"AGE",1000,"type_one",-0.41652334880655,1.82623438190151e-150,3.85976138344856
100,"Intensive",0.25,"AGE",1000,"type_one",0.00244819897943671,1.17168329032975e-150,0.00509969841435004
100,"Intensive",0.25,"AGE",1000,"type_one",-0.0475412063924523,1.92276896861253e-150,0.0152381487399506
100,"Intensive",0.25,"AGE",1000,"type_one",-0.228484682318594,2.91744431861212e-150,0.932019000889581
100,"Intensive",0.25,"AGE",1000,"type_one",0.944038908073708,0.942120313226074,0.907218554727573
100,"Intensive",0.25,"AGE",1000,"type_one",-0.191894954907184,2.99183038489105e-150,0.448368385823686
100,"Intensive",0.25,"AGE",1000,"type_one",0.446861932670799,0.446181941441601,0.428032111342737
100,"Intensive",0.25,"AGE",1000,"type_one",2.01086042884435,2.03122734190609,1.91622798289209
100,"Intensive",0.25,"AGE",1000,"type_one",-0.242489777593619,1.10867267785194e-150,0.826517446124607
100,"Intensive",0.25,"AGE",1000,"type_one",4.7468861222369,4.83747921057883,4.45648370719924
100,"Intensive",0.25,"AGE",1000,"type_one",-0.237081534050049,1.08093542525923e-150,0.829234491467167
100,"Intensive",0.25,"AGE",1000,"type_one",0.00328309058204468,1.28893082497943e-150,0.00524397024481923
100,"Intensive",0.25,"AGE",1000,"type_one",0.929833724340824,0.927783994381155,0.893152228083694
100,"Intensive",0.25,"AGE",1000,"type_one",-0.112489480286968,2.38857610439644e-150,0.110495349502801
100,"Intensive",0.25,"AGE",1000,"type_one",0.346145688170509,0.351318868612281,0.331037639199438
100,"Intensive",0.25,"AGE",1000,"type_one",-0.0861335502013389,2.97680741930664e-150,0.0826259105846905
100,"Intensive",0.25,"AGE",1000,"type_one",0.248177651258629,0.252164161286246,0.239014409101765
100,"Intensive",0.25,"AGE",1000,"type_one",1.11801463863503,1.12329307683059,1.07162187070938
100,"Intensive",0.25,"AGE",1000,"type_one",-0.156866489501226,2.35737410338222e-150,0.204165349770252
100,"Intensive",0.25,"AGE",1000,"type_one",-0.349091409367247,1.58114968068284e-150,1.7169185232483
100,"Intensive",0.25,"AGE",1000,"type_one",0.0173837779220776,0.0176312007300449,0.0167866850351759
100,"Intensive",0.25,"AGE",1000,"type_one",-0.0963154858782218,1.44572749307491e-150,0.162562574994016
100,"Intensive",0.25,"AGE",1000,"type_one",-0.525815122971835,1.36755197285015e-150,4.05423238832967
100,"Intensive",0.25,"AGE",1000,"type_one",-0.216323937793277,1.38161129437921e-150,0.751447257303265
100,"Intensive",0.25,"AGE",1000,"type_one",2.26187365517944,2.27223885211568,2.15596327930197
100,"Intensive",0.25,"AGE",1000,"type_one",1.81073760335403,1.82617301212419,1.73079557038151
100,"Intensive",0.25,"AGE",1000,"type_one",1.91864618925229,1.92177317137835,1.82956692446998
100,"Intensive",0.25,"AGE",1000,"type_one",-0.405808667083875,1.25671611531318e-150,2.39412464329081
100,"Intensive",0.25,"AGE",1000,"type_one",-0.190736632870539,1.52220284213099e-150,0.487476384940697
100,"Intensive",0.25,"AGE",1000,"type_one",-0.144523212762579,5.13213361697168e-150,0.269887226317175
100,"Intensive",0.25,"AGE",1000,"type_one",-0.396935250406386,1.64272869165837e-150,2.33956218173915
100,"Intensive",0.25,"AGE",1000,"type_one",-0.00870687543829263,1.33679307998909e-150,0.00126906868241166
100,"Intensive",0.25,"AGE",1000,"type_one",0.718941388683561,0.726808108275446,0.690587094814711
100,"Intensive",0.25,"AGE",1000,"type_one",9.96008852616615,10.3706762016919,9.13908549183632
100,"Intensive",0.25,"AGE",1000,"type_one",-0.0689458277101949,1.26072107835353e-150,0.0429188092345877
100,"Intensive",0.25,"AGE",1000,"type_one",-0.177785411407967,1.50586128911277e-150,0.510252469560396
100,"Intensive",0.25,"AGE",1000,"type_one",-0.0891069245499239,1.47007877582781e-150,0.103450287432691
100,"Intensive",0.25,"AGE",1000,"type_one",0.0303193197587461,0.0305693121791039,0.02914627481848
100,"Intensive",0.25,"AGE",1000,"type_one",0.165472341847817,0.162655664792355,0.158686759091494
100,"Intensive",0.25,"AGE",1000,"type_one",-0.0697593553659317,1.04005022250785e-150,0.0567790083218746
100,"Intensive",0.25,"AGE",1000,"type_one",0.922899572787173,0.928385283903252,0.883626588466515
100,"Intensive",0.25,"AGE",1000,"type_one",2.69310264148953,2.71556731655778,2.5592675708244
100,"Intensive",0.25,"AGE",1000,"type_one",-0.293861790209121,1.06262815030154e-150,1.20011576798981
100,"Intensive",0.25,"AGE",1000,"type_one",0.466123051633986,0.462708986708438,0.448749566852807
100,"Intensive",0.25,"AGE",1000,"type_one",0.0242953718079661,0.0229799750169255,0.0233958546415401
100,"Intensive",0.25,"AGE",1000,"type_one",0.0951320340427628,0.0994889133550581,0.0915683086945873
100,"Intensive",0.25,"AGE",1000,"type_one",0.921212062496124,0.921134349048168,0.88337681212921
100,"Intensive",0.25,"AGE",1000,"type_one",0.29983945387994,0.29939107087524,0.288514512964167
100,"Intensive",0.25,"AGE",1000,"type_one",-0.352238371167914,1.85601150176671e-150,1.86348571509644
100,"Intensive",0.25,"AGE",1000,"type_one",-0.311638128482628,6.49762326879592e-150,1.22175950637318
100,"Intensive",0.25,"AGE",1000,"type_one",3.76272002839505,3.79936878908341,3.56727390907301
100,"Intensive",0.25,"AGE",1000,"type_one",-0.523688719379606,3.54339933205593e-150,5.0878693167322
100,"Intensive",0.25,"AGE",1000,"type_one",-0.265984081228453,4.54126274188061e-150,0.772432060065009
100,"Intensive",0.25,"AGE",1000,"type_one",0.111370471086957,0.112736939041545,0.106865295111198
100,"Intensive",0.25,"AGE",1000,"type_one",-0.068422822327193,1.23366578961256e-150,0.0539702423545283
100,"Intensive",0.25,"AGE",1000,"type_one",-0.306326720754441,4.20306655427799e-150,1.29442199006586
100,"Intensive",0.25,"AGE",1000,"type_one",0.302306135267827,0.301508774255625,0.29142434827958
100,"Intensive",0.25,"AGE",1000,"type_one",-0.0196602542473556,2.16615788314655e-150,0.000856737512923951
100,"Intensive",0.25,"AGE",1000,"type_one",0.169832002674411,0.171538862285198,0.163735627501217
100,"Intensive",0.25,"AGE",1000,"type_one",0.25141221404192,0.255307539635164,0.241714044207014
100,"Intensive",0.25,"AGE",1000,"type_one",-0.084128385205986,2.24345780144444e-150,0.105108342857949
100,"Intensive",0.25,"AGE",1000,"type_one",3.12559462502122,3.16000596172844,2.96579393051461
100,"Intensive",0.25,"AGE",1000,"type_one",3.49640656306656,3.55267172779056,3.31444637688478
100,"Intensive",0.25,"AGE",1000,"type_one",-0.314290837975932,1.04407118774697e-150,1.26033982472797
100,"Intensive",0.25,"AGE",1000,"type_one",1.18700145314506,1.19291710528695,1.13590396159822
100,"Intensive",0.25,"AGE",1000,"type_one",-0.0965429393263548,1.13586750628903e-150,0.100706872919306
100,"Intensive",0.25,"AGE",1000,"type_one",-0.203813007449753,1.77677790344823e-150,0.513289954644688
100,"Intensive",0.25,"AGE",1000,"type_one",-0.199957281053685,2.00553129879799e-150,0.513855352697709
100,"Intensive",0.25,"AGE",1000,"type_one",-0.178464701035409,1.15981684299995e-150,0.475470328000728
100,"Intensive",0.25,"AGE",1000,"type_one",3.46365149420035,3.5226668109551,3.27445708258546
100,"Intensive",0.25,"AGE",1000,"type_one",-0.510928987252555,1.29993780588832e-150,4.47152555709656
100,"Intensive",0.25,"AGE",1000,"type_one",0.539489074756602,0.539610699329854,0.517639734586935
100,"Intensive",0.25,"AGE",1000,"type_one",1.95848563751952,1.96493835826398,1.86627022257145
100,"Intensive",0.25,"AGE",1000,"type_one",-0.142009182818583,2.06313179319357e-150,0.34613488569074
100,"Intensive",0.25,"AGE",1000,"type_one",4.05990172317161,4.13123415356805,3.830431325605
100,"Intensive",0.25,"AGE",1000,"type_one",-0.26993818255778,2.03631068130791e-150,0.945408635102232
100,"Intensive",0.25,"AGE",1000,"type_one",-0.0822424448842867,1.81849983073683e-150,0.0834900274293283
100,"Intensive",0.25,"AGE",1000,"type_one",-0.00781659843687521,1.58979385764926e-150,0.000811676389699526
100,"Intensive",0.25,"AGE",1000,"type_one",-0.692358275060542,2.1747273974025e-150,10.5175055657833
100,"Intensive",0.25,"AGE",1000,"type_one",0.13385731384642,0.132217789331122,0.128915097927201
100,"Intensive",0.25,"AGE",1000,"type_one",-0.237991055056227,1.57498052223604e-150,0.6660529468049
100,"Intensive",0.25,"AGE",1000,"type_one",-0.311878189811978,1.83851723935773e-150,1.54576659235404
100,"Intensive",0.25,"AGE",1000,"type_one",1.55515935485619,1.56536208925599,1.48514421493726
100,"Intensive",0.25,"AGE",1000,"type_one",-0.260532900058024,1.72844882207627e-150,0.953189774430863
100,"Intensive",0.25,"AGE",1000,"type_one",1.54626513394305,1.55245109827974,1.47943658003141
100,"Intensive",0.25,"AGE",1000,"type_one",-0.197228467215609,1.11735716649467e-150,0.412490077133728
100,"Intensive",0.25,"AGE",1000,"type_one",0.138715593290726,0.140942685680347,0.133516135974373
100,"Intensive",0.25,"AGE",1000,"type_one",0.877259318486722,0.87457797250278,0.843232388349391
100,"Intensive",0.25,"AGE",1000,"type_one",-0.251160241317848,1.39965635470676e-150,0.902219116254772
100,"Intensive",0.25,"AGE",1000,"type_one",-0.111960374903902,1.43772979182579e-150,0.150176535076364
100,"Intensive",0.25,"AGE",1000,"type_one",0.127921300484559,0.127715980280311,0.123154952665046
100,"Intensive",0.25,"AGE",1000,"type_one",0.0804519027478818,0.0816238873446605,0.0774143381877427
100,"Intensive",0.25,"AGE",1000,"type_one",0.00927250673612434,0.115104518499814,0.00961869284613692
100,"Intensive",0.25,"AGE",1000,"type_one",-0.256457311229497,1.398805613999e-150,1.07705359919196
100,"Intensive",0.25,"AGE",1000,"type_one",-0.00506734050759405,1.43439809362293e-150,0.00154250959768497
100,"Intensive",0.25,"AGE",1000,"type_one",-0.0112080943436013,1.19101448526225e-150,0.000200419405925306
100,"Intensive",0.25,"AGE",1000,"type_one",-0.121101160517355,1.18273658601838e-150,0.128976865334886
100,"Intensive",0.25,"AGE",1000,"type_one",1.09132740290715,1.09401084841486,1.04392801188716
100,"Intensive",0.25,"AGE",1000,"type_one",-0.0081078010452984,1.23539959693749e-150,0.000402701360248965
100,"Intensive",0.25,"AGE",1000,"type_one",0.357131553421823,0.357820712785644,0.342803933751309
100,"Intensive",0.25,"AGE",1000,"type_one",0.142981306948059,0.143133215042936,0.13785437857109
100,"Intensive",0.25,"AGE",1000,"type_one",0.359521799415234,0.357809178311845,0.345543289987555
100,"Intensive",0.25,"AGE",1000,"type_one",-0.0760168915221584,1.94969437094072e-150,0.0511846424555218
100,"Intensive",0.25,"AGE",1000,"type_one",-0.0301885654198486,2.52663600668912e-150,0.00557012708048383
100,"Intensive",0.25,"AGE",1000,"type_one",-0.394216975868403,2.4003958321705e-150,2.66363788739805
100,"Intensive",0.25,"AGE",1000,"type_one",-0.247984491572424,3.37697322000407e-150,0.80044756449188
100,"Intensive",0.25,"AGE",1000,"type_one",-0.356041169523451,1.70268512708982e-150,1.65315313478565
100,"Intensive",0.25,"AGE",1000,"type_one",0.0234324894390738,0.0248080009067077,0.0225639791590518
100,"Intensive",0.25,"AGE",1000,"type_one",0.347200197055827,0.349874218193527,0.334418738853927
100,"Intensive",0.25,"AGE",1000,"type_one",0.510839005031812,0.508645885671054,0.491355367159951
100,"Intensive",0.25,"AGE",1000,"type_one",2.06833631096106,2.07944814856357,1.9683520813067
100,"Intensive",0.25,"AGE",1000,"type_one",-0.0331915034721533,1.80617878677751e-150,0.00235943976194021
100,"Intensive",0.25,"AGE",1000,"type_one",-0.109266400090746,1.21598474763529e-150,0.127437460738728
100,"Intensive",0.25,"AGE",1000,"type_one",0.672647607847466,0.675342014816138,0.646408805180337
100,"Intensive",0.25,"AGE",1000,"type_one",-0.454694079198816,1.8245326927668e-150,2.7533573360473
100,"Intensive",0.25,"AGE",1000,"type_one",-0.0173681319956813,1.57105055951706e-150,7.83195547530594e-06
100,"Intensive",0.25,"AGE",1000,"type_one",1.71657044755739,1.72450356686507,1.63632979737445
100,"Intensive",0.25,"AGE",1000,"type_one",-0.219542490584899,1.05524660461825e-150,0.666711248981307
100,"Intensive",0.25,"AGE",1000,"type_one",-0.0126040370141709,1.30878054004039e-150,3.02557057347058e-06
100,"Intensive",0.25,"AGE",1000,"type_one",-0.218004197420669,1.11382226491588e-150,0.518232319440042
100,"Intensive",0.25,"AGE",1000,"type_one",0.164976850293897,0.162752802730816,0.158974188406571
100,"Intensive",0.25,"AGE",1000,"type_one",0.309847249419363,0.306482228875503,0.298538691323421
100,"Intensive",0.25,"AGE",1000,"type_one",-0.0748724427458001,2.11580711432427e-150,0.0774480713235933
100,"Intensive",0.25,"AGE",1000,"type_one",0.56725672169523,0.563882956781352,0.545260334038488
100,"Intensive",0.25,"AGE",1000,"type_one",-0.33154566713165,1.04441906119106e-150,1.3585165001043
100,"Intensive",0.25,"AGE",1000,"type_one",0.107907001995045,0.108591945748349,0.103732626186931
100,"Intensive",0.25,"AGE",1000,"type_one",-0.373153173934952,1.99555424344792e-150,1.82043010801667
100,"Intensive",0.25,"AGE",1000,"type_one",-0.0520947048071321,1.07112649694281e-150,0.0183654167004973
100,"Intensive",0.25,"AGE",1000,"type_one",0.514746779467714,0.513271724857278,0.494282807418923
100,"Intensive",0.25,"AGE",1000,"type_one",-0.0902127543122333,1.15093242128514e-150,0.0827399672048891
100,"Intensive",0.25,"AGE",1000,"type_one",0.142035548145941,0.141666512345651,0.137154190273415
100,"Intensive",0.25,"AGE",1000,"type_one",-0.0470942484707848,1.25566579377143e-150,0.0135310338851085
100,"Intensive",0.25,"AGE",1000,"type_one",0.0107383426757224,1.10534155203037e-150,0.011062149047367
100,"Intensive",0.25,"AGE",1000,"type_one",-0.215917160024219,1.28066779238246e-150,0.859564091593506
100,"Intensive",0.25,"AGE",1000,"type_one",0.281710589032627,0.28325657319264,0.27115906475356
100,"Intensive",0.25,"AGE",1000,"type_one",0.0558868371135759,0.0578946886361738,0.0538767713784098
100,"Intensive",0.25,"AGE",1000,"type_one",0.119126143076755,0.118491039784422,0.114923615271063
100,"Intensive",0.25,"AGE",1000,"type_one",0.0579402779667362,0.0557481378325917,0.0557482800035914
100,"Intensive",0.25,"AGE",1000,"type_one",-0.240089646560591,1.13044185732699e-150,0.728706587358388
100,"Intensive",0.25,"AGE",1000,"type_one",-0.355005709445322,1.04688261545651e-150,2.37647621097617
100,"Intensive",0.25,"AGE",1000,"type_one",-0.0365220039802807,1.33574269340036e-150,0.00327917280737891
100,"Intensive",0.25,"AGE",1000,"type_one",2.82075158848511,2.86351960736421,2.67722893354154
100,"Intensive",0.25,"AGE",1000,"type_one",1.93670578017645,1.94509316931602,1.84626412977273
100,"Intensive",0.25,"AGE",1000,"type_one",-0.273534775112239,1.86953173478283e-150,1.19215104511575
100,"Intensive",0.25,"AGE",1000,"type_one",0.889153733070998,0.890926320635458,0.850788439251952
100,"Intensive",0.25,"AGE",1000,"type_one",0.736087344305815,0.732784434089227,0.701793517408917
100,"Intensive",0.25,"AGE",1000,"type_one",-0.0699452222315813,1.94630669823788e-150,0.0643794219282074
100,"Intensive",0.25,"AGE",1000,"type_one",7.57075848639579,7.82599049708883,7.00549666317487
100,"Intensive",0.25,"AGE",1000,"type_one",0.0067020694286839,1.19577295605661e-150,0.00760303645998838
100,"Intensive",0.25,"AGE",1000,"type_one",3.70394123114602,3.75300566122804,3.50279307716083
100,"Intensive",0.25,"AGE",1000,"type_one",5.17503462981676,5.28257904643663,4.8541465101359
100,"Intensive",0.25,"AGE",1000,"type_one",-0.100341845582989,1.41464223192105e-150,0.101320051804861
100,"Intensive",0.25,"AGE",1000,"type_one",-0.2670983896287,2.3141603702621e-150,1.21071196340889
100,"Intensive",0.25,"AGE",1000,"type_one",-0.168155671876775,3.48775470041946,0.421427669925479
100,"Intensive",0.25,"AGE",1000,"type_one",5.51408671913669,5.63568180554899,5.18371022071576
100,"Intensive",0.25,"AGE",1000,"type_one",-0.383492155142449,1.41810117020562e-150,1.94289537089272
100,"Intensive",0.25,"AGE",1000,"type_one",-0.0176766336198853,1.5548291414928e-150,4.88004307145624e-05
100,"Intensive",0.25,"AGE",1000,"type_one",5.98748637301742,6.12707178528697,5.59171435309502
100,"Intensive",0.25,"AGE",1000,"type_one",-0.222965414347527,1.53792651522536e-150,0.736095648792662
100,"Intensive",0.25,"AGE",1000,"type_one",0.0102190922389127,1.54826596469396e-150,0.0105776767991766
100,"Intensive",0.25,"AGE",1000,"type_one",-0.13192366392741,2.42525906856786e-150,0.209005739907787
100,"Intensive",0.25,"AGE",1000,"type_one",-0.0379041350570333,1.30416323315191,0.0115891367251913
100,"Intensive",0.25,"AGE",1000,"type_one",2.3714074040281,2.39208141146486,2.25590086821366
100,"Intensive",0.25,"AGE",1000,"type_one",-0.0895331582414656,1.15228194055923e-150,0.0832170553813344
100,"Intensive",0.25,"AGE",1000,"type_one",0.0958649729464014,0.0957919357924935,0.0923817095500961
100,"Intensive",0.25,"AGE",1000,"type_one",-0.149159397178664,1.29976589682513e-150,0.324219705479935
100,"Intensive",0.25,"AGE",1000,"type_one",-0.447419093598,1.58966156733364e-150,2.8771337999619
100,"Intensive",0.25,"AGE",1000,"type_one",0.00318620947564341,1.07518871125091e-150,0.00492892251398537
100,"Intensive",0.25,"AGE",1000,"type_one",0.0572966941144841,0.0584653445481499,0.0551613739550108
100,"Intensive",0.25,"AGE",1000,"type_one",3.00888056558233,3.0325176205684,2.85615255316648
100,"Intensive",0.25,"AGE",1000,"type_one",-0.143458959312738,2.20950591907173e-150,0.296235512470219
100,"Intensive",0.25,"AGE",1000,"type_one",1.24540902384615,1.25658003912091,1.1941671916813
100,"Intensive",0.25,"AGE",1000,"type_one",-0.154226791180008,1.2352677871494e-150,0.373925450638941
100,"Intensive",0.25,"AGE",1000,"type_one",0.292167517218331,0.291631409509809,0.280648919040821
100,"Intensive",0.25,"AGE",1000,"type_one",-0.150533619860653,1.66787943955749e-150,0.282648959678888
100,"Intensive",0.25,"AGE",1000,"type_one",0.626201914168632,0.626886588397089,0.601083328131053
100,"Intensive",0.25,"AGE",1000,"type_one",0.284455238688679,0.288101081600814,0.273224226008078
100,"Intensive",0.25,"AGE",1000,"type_one",-0.133972022632406,1.13464581245379e-150,0.301284109956233
100,"Intensive",0.25,"AGE",1000,"type_one",-0.372403590918111,2.25183487148901e-150,1.91694607457472
100,"Intensive",0.25,"AGE",1000,"type_one",0.0913832314654428,0.0894490910476287,0.088015464562147
100,"Intensive",0.25,"AGE",1000,"type_one",0.0585631915946578,0.0590400508766771,0.0565067251019419
100,"Intensive",0.25,"AGE",1000,"type_one",-0.299049770837883,1.53023879951663e-150,1.30226314810403
100,"Intensive",0.25,"AGE",1000,"type_one",3.62029957197865,3.68698571764879,3.4206499961142
100,"Intensive",0.25,"AGE",1000,"type_one",-0.228827476748847,1.35169867419081e-150,0.658925832156899
100,"Intensive",0.25,"AGE",1000,"type_one",-0.179634875327793,1.99263133473232e-150,0.413183167445328
100,"Intensive",0.25,"AGE",1000,"type_one",-0.217680306515831,2.376030179719e-150,0.651063953203844
100,"Intensive",0.25,"AGE",1000,"type_one",0.615082958957828,0.621454968283755,0.58986352872053
100,"Intensive",0.25,"AGE",1000,"type_one",-0.367086698471212,1.30786170009783e-150,2.39119732299357
100,"Intensive",0.25,"AGE",1000,"type_one",-0.0731871061789207,1.14920573367608e-150,0.0460874710022852
100,"Intensive",0.25,"AGE",1000,"type_one",-0.341752959583573,3.02759624577949e-150,1.43415782129323
100,"Intensive",0.25,"AGE",1000,"type_one",-0.168829202850247,1.94937316900849e-150,0.288598855528941
100,"Intensive",0.25,"AGE",1000,"type_one",-0.198985750856082,1.17856982395968e-150,0.565001867405074
100,"Intensive",0.25,"AGE",1000,"type_one",0.668075538289486,0.662881309177314,0.642307135619169
100,"Intensive",0.25,"AGE",1000,"type_one",-0.0972560714335486,1.28277766069718e-150,0.120881302802682
100,"Intensive",0.25,"AGE",1000,"type_one",-0.0320842543105755,1.22282517939279e-150,0.00724288708363133
100,"Intensive",0.25,"AGE",1000,"type_one",-0.0273775465157087,1.47408313151399e-150,0.0042010285010854
100,"Intensive",0.25,"AGE",1000,"type_one",-0.288935257620324,2.0393477318642e-150,1.52131191136283
100,"Intensive",0.25,"AGE",1000,"type_one",2.07161480985087,2.0832796012529,1.97546137510879
100,"Intensive",0.25,"AGE",1000,"type_one",0.0341774500720931,0.0330749728551435,0.0328631903649669
100,"Intensive",0.25,"AGE",1000,"type_one",0.402470246806843,0.399111403985621,0.386171003015938
100,"Intensive",0.25,"AGE",1000,"type_one",0.780086821318037,0.790095811594981,0.74861390197198
100,"Intensive",0.25,"AGE",1000,"type_one",0.448271350279356,0.446689216384361,0.431979192044312
100,"Intensive",0.25,"AGE",1000,"type_one",-0.201820138856419,1.3630882346778e-150,0.520041295631731
100,"Intensive",0.25,"AGE",1000,"type_one",-0.508413972081144,2.11224159515514e-150,4.20276681143952
100,"Intensive",0.25,"AGE",1000,"type_one",0.133651170619487,0.132824531331044,0.128604763359438
100,"Intensive",0.25,"AGE",1000,"type_one",-0.130280547277835,1.47950295929461e-150,0.1770393883723
100,"Intensive",0.25,"AGE",1000,"type_one",-0.413937376750255,2.11139457483694e-150,2.68010412587085
100,"Intensive",0.25,"AGE",1000,"type_one",0.989571759712817,0.993326598147179,0.946610242120575
100,"Intensive",0.25,"AGE",1000,"type_one",1.62611846373784,1.62948312788543,1.55268766956892
100,"Intensive",0.25,"AGE",1000,"type_one",-0.0878866368448143,1.12869390447282e-150,0.0932228470932296
100,"Intensive",0.25,"AGE",1000,"type_one",-0.232317629956015,1.90536582183326e-150,0.684302523771605
100,"Intensive",0.25,"AGE",1000,"type_one",-0.0344060495372105,1.05234098374019e-150,0.00407685800909202
100,"Intensive",0.25,"AGE",1000,"type_one",0.352430790578182,0.354456965836301,0.338222008858464
100,"Intensive",0.25,"AGE",1000,"type_one",-0.480781739505801,2.33256130490774e-150,2.79170649449047
100,"Intensive",0.25,"AGE",1000,"type_one",0.0382810087858161,0.0369959738078787,0.036842489846674
100,"Intensive",0.25,"AGE",1000,"type_one",-0.335057318692634,1.34196414586354e-150,1.36871940695418
100,"Intensive",0.25,"AGE",1000,"type_one",0.0569930198116708,0.0568491425304353,0.0549016042786536
100,"Intensive",0.25,"AGE",1000,"type_one",-0.362013738096721,1.44599523149535e-150,1.9521690152161
100,"Intensive",0.25,"AGE",1000,"type_one",-0.240539989769786,1.51991044881467e-150,0.9879482734108
100,"Intensive",0.25,"AGE",1000,"type_one",-0.0193720069419214,1.48104821757554e-150,7.31057626792041e-05
100,"Intensive",0.25,"AGE",1000,"type_one",0.201257907030595,0.201521212885086,0.193438461768757
100,"Intensive",0.25,"AGE",1000,"type_one",0.873323168481875,0.882775813928397,0.835418396546278
100,"Intensive",0.25,"AGE",1000,"type_one",-0.293651563194544,2.4027256106385e-150,1.36393642501841
100,"Intensive",0.25,"AGE",1000,"type_one",-0.10771599745658,1.46957982427992e-150,0.171679261033263
100,"Intensive",0.25,"AGE",1000,"type_one",0.128627017922554,0.127888253394552,0.123794906354601
100,"Intensive",0.25,"AGE",1000,"type_one",-0.0956838689880897,1.28614038991066e-150,0.0819271138774099
100,"Intensive",0.25,"AGE",1000,"type_one",0.231462548464151,0.232941617840801,0.222666954046936
100,"Intensive",0.25,"AGE",1000,"type_one",0.149838505032676,0.152012026955226,0.144420200283217
100,"Intensive",0.25,"AGE",1000,"type_one",-0.0900037804940439,1.27459953439071e-150,0.0881640425650405
100,"Intensive",0.25,"AGE",1000,"type_one",0.556612919429426,0.559230035495909,0.534493021028311
100,"Intensive",0.25,"AGE",1000,"type_one",0.830092172760487,0.83041996600251,0.797124450093437
100,"Intensive",0.25,"AGE",1000,"type_one",-0.241954640505355,1.38567366766065e-150,0.581306495615444
100,"Intensive",0.25,"AGE",1000,"type_one",0.400263416687267,0.404796558558194,0.384820722945941
100,"Intensive",0.25,"AGE",1000,"type_one",-0.0212678696507282,2.02112327022087e-150,0.000230527540412762
100,"Intensive",0.25,"AGE",1000,"type_one",-0.0295045208249576,1.27688197036293e-150,0.00472553207750063
100,"Intensive",0.25,"AGE",1000,"type_one",-0.141615726146483,1.31568922687464e-150,0.303089685636628
100,"Intensive",0.25,"AGE",1000,"type_one",0.0114420398322181,0.247080816232397,0.011341714611405
100,"Intensive",0.25,"AGE",1000,"type_one",5.26101940171066,5.37872703710537,4.93797943081425
100,"Intensive",0.25,"AGE",1000,"type_one",-0.251789054774235,1.90574460859769e-150,0.955981126494906
100,"Intensive",0.25,"AGE",1000,"type_one",-0.138159560553504,2.26601953746823e-150,0.283709112750245
100,"Intensive",0.25,"AGE",1000,"type_one",0.535559526329052,0.538587134213446,0.515580314296777
100,"Intensive",0.25,"AGE",1000,"type_one",0.382216429392429,0.381169208580368,0.367682639500022
100,"Intensive",0.25,"AGE",1000,"type_one",-0.0462413882542023,1.13313171756374e-150,0.0250396916801931
100,"Intensive",0.25,"AGE",1000,"type_one",-0.604264939731365,1.76227341450126e-150,4.26261122089654
100,"Intensive",0.25,"AGE",1000,"type_one",-0.221955540127055,1.40873483036598e-150,0.934736176143824
100,"Intensive",0.25,"AGE",1000,"type_one",1.6276380662639,1.62731373037907,1.55051944395638
100,"Intensive",0.25,"AGE",1000,"type_one",-0.360757253412885,3.14093105751455e-150,2.0738163592183
100,"Intensive",0.25,"AGE",1000,"type_one",0.408890083834194,0.408485297486912,0.393484871781018
100,"Intensive",0.25,"AGE",1000,"type_one",0.329978517533164,0.332867222963173,0.317499471744494
100,"Intensive",0.25,"AGE",1000,"type_one",0.194878813723335,0.196619035765394,0.187530137306244
100,"Intensive",0.25,"AGE",1000,"type_one",-0.122448778483886,1.3015785840802e-150,0.167339151006855
100,"Intensive",0.25,"AGE",1000,"type_one",-0.0717326519161361,2.49441634523953e-150,0.0336396874819313
100,"Intensive",0.25,"AGE",1000,"type_one",0.730007995119195,0.733495093700286,0.70071252957624
100,"Intensive",0.25,"AGE",1000,"type_one",-0.0604273045046284,1.15425858852307e-150,0.0309692603626943
100,"Intensive",0.25,"AGE",1000,"type_one",0.51713686068797,0.518974539741871,0.496804838044998
100,"Intensive",0.25,"AGE",1000,"type_one",0.452192218213895,163.768536114954,0.434616876454758
100,"Intensive",0.25,"AGE",1000,"type_one",1.06889926240638,97.0019599225598,1.02668824255502
100,"Intensive",0.25,"AGE",1000,"type_one",-0.444878427597359,2.79523930282509e-150,2.76478306089676
100,"Intensive",0.25,"AGE",1000,"type_one",0.631517353932395,0.629655454992022,0.608949482961835
100,"Intensive",0.25,"AGE",1000,"type_one",0.0424194374172657,0.0428964287302323,0.0407521401572151
100,"Intensive",0.25,"AGE",1000,"type_one",0.0489327025834427,0.0484804796977376,0.0472040595705105
100,"Intensive",0.25,"AGE",1000,"type_one",-0.143030990290754,1.35029169188143e-150,0.277151755357191
100,"Intensive",0.25,"AGE",1000,"type_one",0.0254606694270478,0.023968600925743,0.0245451580890799
100,"Intensive",0.25,"AGE",1000,"type_one",-0.268125241864254,1.60688062265419e-150,0.931963505908571
100,"Intensive",0.25,"AGE",1000,"type_one",-0.363000773486419,1.27327955899005e-150,2.61064537819369
100,"Intensive",0.25,"AGE",1000,"type_one",0.0974280966165679,0.0988030125518774,0.0939935555319749
100,"Intensive",0.25,"AGE",1000,"type_one",-0.170133202086618,1.06004772000098e-150,0.468785254210642
100,"Intensive",0.25,"AGE",1000,"type_one",3.44010602312937,3.49173918593364,3.24667022965572
100,"Intensive",0.25,"AGE",1000,"type_one",-0.0114003464450434,1.03610728061417e-150,0.000162370964840485
100,"Intensive",0.25,"AGE",1000,"type_one",-0.218722833068568,1.10725219912895e-150,0.690198687996196
100,"Intensive",0.25,"AGE",1000,"type_one",0.434434521942421,0.434770617214799,0.418180920110392
100,"Intensive",0.25,"AGE",1000,"type_one",-0.431696934379033,1.89954569089776e-150,3.32341011440509
100,"Intensive",0.25,"AGE",1000,"type_one",-0.146713283655117,1.80053620320136e-150,0.277471561618202
100,"Intensive",0.25,"AGE",1000,"type_one",-0.186234079633323,1.02969750080588e-150,0.541311016568599
100,"Intensive",0.25,"AGE",1000,"type_one",-0.0280415428323977,3.05352216250482e-150,0.00419569500018447
100,"Intensive",0.25,"AGE",1000,"type_one",0.81877836509284,0.818345190977905,0.786217096508593
100,"Intensive",0.25,"AGE",1000,"type_one",-0.238674492903556,2.20806153583766e-150,0.937273682879863
100,"Intensive",0.25,"AGE",1000,"type_one",0.77259596465592,0.77764870176275,0.741036831103416
100,"Intensive",0.25,"AGE",1000,"type_one",0.857868957238679,0.854903890488472,0.823512446676162
100,"Intensive",0.25,"AGE",1000,"type_one",-0.116623726346006,1.07127284251098e-150,0.202466161953583
100,"Intensive",0.25,"AGE",1000,"type_one",-0.0251468437827498,1.26164169675147e-150,0.00231977509827745
100,"Intensive",0.25,"AGE",1000,"type_one",-0.103538411610316,1.45052674137517e-150,0.136115834751252
100,"Intensive",0.25,"AGE",1000,"type_one",-0.148104639432859,1.99394275126044e-150,0.301517620354905
100,"Intensive",0.25,"AGE",1000,"type_one",-0.0161390028952155,1.13368918920531e-150,0.000197662754052923
100,"Intensive",0.25,"AGE",1000,"type_one",1.17691859888782,1.18987040358648,1.12514960956347
100,"Intensive",0.25,"AGE",1000,"type_one",-0.566246427431906,2.05119980521337e-150,4.168247111385
100,"Intensive",0.25,"AGE",1000,"type_one",-0.0957662578985037,1.74582166860046e-150,0.085951658127386
100,"Intensive",0.25,"AGE",1000,"type_one",0.153352649762382,0.155215541830611,0.147134927070001
100,"Intensive",0.25,"AGE",1000,"type_one",-0.0850575034419307,2.33119392299515e-150,0.0959951396052175
100,"Intensive",0.25,"AGE",1000,"type_one",0.588575750565724,0.589993313286293,0.563759466277812
100,"Intensive",0.25,"AGE",1000,"type_one",-0.272620643921073,1.51806454905073e-150,0.796176849013909
100,"Intensive",0.25,"AGE",1000,"type_one",-0.204781761474806,3.08717878363202e-150,0.511791446946666
100,"Intensive",0.25,"AGE",1000,"type_one",1.32681815759042,1.34082241403603,1.27176252841834
100,"Intensive",0.25,"AGE",1000,"type_one",-0.387355698640931,1.53335556001249e-150,1.66982172566981
100,"Intensive",0.25,"AGE",1000,"type_one",-0.0182246473823398,1.06051499811993e-150,7.93618731443015e-05
100,"Intensive",0.25,"AGE",1000,"type_one",-0.00864067680140579,1.08668528769464e-150,0.00108497964814875
100,"Intensive",0.25,"AGE",1000,"type_one",-0.0257430761266733,1.96261333042721e-150,0.00462152744728329
100,"Intensive",0.25,"AGE",1000,"type_one",-0.317198529622146,1.69069784804632e-150,1.04290120779147
100,"Intensive",0.25,"AGE",1000,"type_one",-0.0121747614803098,1.53089018170724e-150,0.000672098384635862
100,"Intensive",0.25,"AGE",1000,"type_one",-0.068248385955485,1.22688379383993e-150,0.041952328942434
100,"Intensive",0.25,"AGE",1000,"type_one",-0.153727730454193,1.70652641073882e-150,0.327683293869417
100,"Intensive",0.25,"AGE",1000,"type_one",-0.364343611808181,1.58902039379628e-150,1.59905485410478
100,"Intensive",0.25,"AGE",1000,"type_one",-0.547965280340577,1.7713242900275e-150,4.71480532255406
100,"Intensive",0.25,"AGE",1000,"type_one",-0.0259251063735064,1.18245365745022e-150,0.00092054240127069
100,"Intensive",0.25,"AGE",1000,"type_one",0.279026155691099,0.281280749878456,0.267910555409628
100,"Intensive",0.25,"AGE",1000,"type_one",1.31331676746322,1.31629524496203,1.25653581310855
100,"Intensive",0.25,"AGE",1000,"type_one",1.21980377961609,1.22581059270163,1.16614505356829
100,"Intensive",0.25,"AGE",1000,"type_one",0.214107043406329,0.214944193506164,0.205972192293146
100,"Intensive",0.25,"AGE",1000,"type_one",-0.0783427277683586,1.02157494836269e-150,0.043014532158789
100,"Intensive",0.25,"AGE",1000,"type_one",0.405933179769818,0.408077423293275,0.38944439766285
100,"Intensive",0.25,"AGE",1000,"type_one",-0.162817854130481,1.28842758438946e-150,0.344498635815256
100,"Intensive",0.25,"AGE",1000,"type_one",0.415191671328103,0.412114304491533,0.399171396269294
100,"Intensive",0.25,"AGE",1000,"type_one",-0.229597055833437,1.21278902223166e-150,0.903767791341507
100,"Intensive",0.25,"AGE",1000,"type_one",-0.138927795434938,1.12334332385686e-150,0.286838241939313
100,"Intensive",0.25,"AGE",1000,"type_one",-0.244026681234573,1.16207343905259e-150,0.92195212236404
100,"Intensive",0.25,"AGE",1000,"type_one",0.844200318285402,0.844117908977004,0.809519720275399
100,"Intensive",0.25,"AGE",1000,"type_one",0.17844998624787,0.178478753227963,0.17189389952813
100,"Intensive",0.25,"AGE",1000,"type_one",0.646302427671799,0.647203311591916,0.621547760076487
100,"Intensive",0.25,"AGE",1000,"type_one",0.168567176955548,0.170973131684817,0.162558376225886
100,"Intensive",0.25,"AGE",1000,"type_one",-0.0775509156646876,1.08338502933342e-150,0.0614796518320104
100,"Intensive",0.25,"AGE",1000,"type_one",-0.0630756397949881,1.08039394396276e-150,0.0398094348951457
100,"Intensive",0.25,"AGE",1000,"type_one",-0.237637642864684,1.81003967460216e-150,0.849190448234208
100,"Intensive",0.25,"AGE",1000,"type_one",0.367769465529818,0.37397233220728,0.35304847051022
100,"Intensive",0.25,"AGE",1000,"type_one",-0.301139184512976,1.69006929213073e-150,1.3405185032914
100,"Intensive",0.25,"AGE",1000,"type_one",0.983415175610389,0.992064930387326,0.941749760669636
100,"Intensive",0.25,"AGE",1000,"type_one",0.25609727589017,0.256317528907209,0.246417430714774
100,"Intensive",0.25,"AGE",1000,"type_one",-0.0708780622444465,1.14127866222458e-150,0.0468142953383089
100,"Intensive",0.25,"AGE",1000,"type_one",1.06503252796938,1.07456732359877,1.02063435871503
100,"Intensive",0.25,"AGE",1000,"type_one",1.29576292872116,1.29669839703448,1.23926235413301
100,"Intensive",0.25,"AGE",1000,"type_one",-0.321906432088326,1.99260883244106e-150,1.27945985121326
100,"Intensive",0.25,"AGE",1000,"type_one",0.0147848709921163,0.016189688864722,0.0142293643868927
100,"Intensive",0.25,"AGE",1000,"type_one",-0.0782992906488289,1.61551927742284e-150,0.098104960086479
100,"Intensive",0.25,"AGE",1000,"type_one",0.249916880969067,0.249317920014172,0.240402363697327
100,"Intensive",0.25,"AGE",1000,"type_one",0.439583595990371,0.441546681926781,0.422852271340873
100,"Intensive",0.25,"AGE",1000,"type_one",-0.0772316533475532,1.97194525257339e-150,0.0875242972545465
100,"Intensive",0.25,"AGE",1000,"type_one",0.0194026092513013,0.0201304540780689,0.0187610507806322
100,"Intensive",0.25,"AGE",1000,"type_one",-0.123558514648721,1.12237717389729e-150,0.229867780128162
100,"Intensive",0.25,"AGE",1000,"type_one",3.81340331502724,3.87568810284198,3.60564306629281
100,"Intensive",0.25,"AGE",1000,"type_one",0.262055627054906,0.264801861568327,0.252776705636409
100,"Intensive",0.25,"AGE",1000,"type_one",-0.000183639965143811,1.24475395938749e-150,0.00369170074176777
100,"Intensive",0.25,"AGE",1000,"type_one",0.218251957692701,0.217576274168877,0.210099230941829
100,"Intensive",0.25,"AGE",1000,"type_one",-0.135166190868404,2.61965282175916e-150,0.168788734111205
100,"Intensive",0.25,"AGE",1000,"type_one",-0.138084051627629,1.17636709557551e-150,0.218925028395805
100,"Intensive",0.25,"AGE",1000,"type_one",1.15791403177536,1.15899011434997,1.10664778467837
100,"Intensive",0.25,"AGE",1000,"type_one",1.86562880191195,1.88609082470791,1.77971823117101
100,"Intensive",0.25,"AGE",1000,"type_one",1.95026861778933,1.96736351312583,1.86138843606546
100,"Intensive",0.25,"AGE",1000,"type_one",-0.21980901833922,1.16756718193146e-150,0.481554417073065
100,"Intensive",0.25,"AGE",1000,"type_one",-0.597123306741196,2.79614615370356e-150,5.50206219563197
100,"Intensive",0.25,"AGE",1000,"type_one",-0.134084839353818,1.57358598870206e-150,0.257601003081685
100,"Intensive",0.25,"AGE",1000,"type_one",-0.374840117100575,1.2517941123243e-150,2.38556004274934
100,"Intensive",0.25,"AGE",1000,"type_one",-0.115777178067219,1.1362041207924e-150,0.151120137378823
100,"Intensive",0.25,"AGE",1000,"type_one",-0.334914870928515,1.73640229706719e-150,1.46755051715076
100,"Intensive",0.25,"AGE",1000,"type_one",0.0110631311208635,1.0183548722003e-150,0.0108182290365874
100,"Intensive",0.25,"AGE",1000,"type_one",-0.442861047714359,1.57261131138218e-150,2.25734636365002
100,"Intensive",0.25,"AGE",1000,"type_one",0.41251678198114,0.412961200586828,0.39553486883604
100,"Intensive",0.25,"AGE",1000,"type_one",0.0200868349675147,0.0217834980855326,0.0193044783671024
100,"Intensive",0.25,"AGE",1000,"type_one",1.10784114130638,1.11193748120896,1.06421443889013
100,"Intensive",0.25,"AGE",1000,"type_one",-0.228996476603243,1.98803192920406e-150,0.967707059820106
100,"Intensive",0.25,"AGE",1000,"type_one",0.0516759669453677,0.0512654738411128,0.0497377366237194
100,"Intensive",0.25,"AGE",1000,"type_one",-0.0475865747557691,1.03736979094778e-150,0.00896764896501582
100,"Intensive",0.25,"AGE",1000,"type_one",-0.11904111241256,1.96401081712915e-150,0.204437778734002
100,"Intensive",0.25,"AGE",1000,"type_one",-0.398522209002294,2.04828281596775e-150,2.05464242086007
100,"Intensive",0.25,"AGE",1000,"type_one",0.820902684187786,0.820340468108733,0.787660880791304
100,"Intensive",0.25,"AGE",1000,"type_one",0.431306141153073,0.436757327804237,0.414305505030571
100,"Intensive",0.25,"AGE",1000,"type_one",-0.125614750478235,3.65135211909176e-150,0.264883342015778
100,"Intensive",0.25,"AGE",1000,"type_one",1.58833655490344,1.60302325659894,1.51591517744195
100,"Intensive",0.25,"AGE",1000,"type_one",1.56617155536878,1.57554367202706,1.49677492550678
100,"Intensive",0.25,"AGE",1000,"type_one",-0.171358012457858,1.09301574718336e-150,0.371943315254819
100,"Intensive",0.25,"AGE",1000,"type_one",-0.358055621442873,1.26933191217037e-150,2.1103692154974
100,"Intensive",0.25,"AGE",1000,"type_one",0.6548290885612,0.656293558216134,0.627600213690921
100,"Intensive",0.25,"AGE",1000,"type_one",-0.27969084898541,1.84857471228137e-150,1.03132054069595
100,"Intensive",0.25,"AGE",1000,"type_one",0.414947814185325,0.409532639978494,0.399290407548047
100,"Intensive",0.25,"AGE",1000,"type_one",-0.189073846892825,2.1557765590232e-150,0.506769624225104
100,"Intensive",0.25,"AGE",1000,"type_one",-0.111252413941656,1.38272926584581e-150,0.141375555388369
100,"Intensive",0.25,"AGE",1000,"type_one",-0.0700880958056587,4.13949777999663e-150,0.0367937462949772
100,"Intensive",0.25,"AGE",1000,"type_one",1.30811353401896,1.31861095690443,1.24831434486967
100,"Intensive",0.25,"AGE",1000,"type_one",1.39691385345577,1.40748505043284,1.3383149119171
100,"Intensive",0.25,"AGE",1000,"type_one",-0.0561180645900095,1.60181660190651e-150,0.0272088970039861
100,"Intensive",0.25,"AGE",1000,"type_one",0.0402251628220256,0.0385367398924436,0.0387831332021988
100,"Intensive",0.25,"AGE",1000,"type_one",0.00921134902546328,1.10613685962443e-150,0.00952086879189034
100,"Intensive",0.25,"AGE",1000,"type_one",-0.345020243943509,1.61320965686459e-150,2.33566072758618
100,"Intensive",0.25,"AGE",1000,"type_one",0.0782195582314671,0.0762628060350881,0.0751708877545623
100,"Intensive",0.25,"AGE",1000,"type_one",-0.127224806967206,1.53868587439037e-150,0.183458250422842
100,"Intensive",0.25,"AGE",1000,"type_one",0.000584188376706152,1.34510678484445e-150,0.00438309872540282
100,"Intensive",0.25,"AGE",1000,"type_one",0.136366380128493,0.137594746647143,0.13124268949872
100,"Intensive",0.25,"AGE",1000,"type_one",-0.421268388320641,1.01917338125827e-150,2.63158101733142
100,"Intensive",0.25,"AGE",1000,"type_one",-0.42474626778494,1.86334572421401e-150,3.72612468137701
100,"Intensive",0.25,"AGE",1000,"type_one",0.483090299660034,0.48595001526916,0.465258460888103
100,"Intensive",0.25,"AGE",1000,"type_one",2.30654111688182,2.32286671282134,2.1950805496398
100,"Intensive",0.25,"AGE",1000,"type_one",-0.15957728694957,1.79558872368511e-150,0.391702853488474
100,"Intensive",0.25,"AGE",1000,"type_one",-0.0723578584302231,1.32741151688782e-150,0.0511112666737552
100,"Intensive",0.25,"AGE",1000,"type_one",0.100565279763941,0.101021210521893,0.0965035130687268
100,"Intensive",0.25,"AGE",1000,"type_one",-0.0668273001465423,2.40762695766663,0.0284391367832105
100,"Intensive",0.25,"AGE",1000,"type_one",-0.0398753919826049,2.76219549563416e-150,0.00911216767604328
100,"Intensive",0.25,"AGE",1000,"type_one",-0.162830267405297,4.16698900686192e-150,0.361037928104841
100,"Intensive",0.25,"AGE",1000,"type_one",0.406634140247661,0.406398346884599,0.391660469025899
100,"Intensive",0.25,"AGE",1000,"type_one",-0.0205801393112779,1.13439929375617e-150,0.000568899990200178
100,"Intensive",0.25,"AGE",1000,"type_one",-0.369444014789224,3.6787018983258e-150,1.6446549198449
100,"Intensive",0.25,"AGE",1000,"type_one",0.843642599969826,0.836195642793405,0.811244472602515
100,"Intensive",0.25,"AGE",1000,"type_one",-0.0396704226805014,1.13736525591304e-150,0.0119791179057851
100,"Intensive",0.25,"AGE",1000,"type_one",-0.0161014840805365,1.7449454350099e-150,0.000337851102634939
100,"Intensive",0.25,"AGE",1000,"type_one",-0.348687766791954,2.11402937464496e-150,1.71561324958403
100,"Intensive",0.25,"AGE",1000,"type_one",-0.205854793512117,1.27975812434014e-150,0.706811636608418
100,"Intensive",0.25,"AGE",1000,"type_one",2.8215533605935,2.84546617880656,2.67346034279001
100,"Intensive",0.25,"AGE",1000,"type_one",1.60104146487174,1.61276392906915,1.52622972991333
100,"Intensive",0.25,"AGE",1000,"type_one",1.42608015544374,1.42945949613857,1.36551379281691
100,"Intensive",0.25,"AGE",1000,"type_one",0.0776285266438208,0.0745353247300194,0.0748370313686205
100,"Intensive",0.25,"AGE",1000,"type_one",-0.141940249900472,1.24990550632972e-150,0.24634095695668
100,"Intensive",0.25,"AGE",1000,"type_one",-0.13371856041158,2.70869546734187e-150,0.264421873884599
100,"Intensive",0.25,"AGE",1000,"type_one",0.0256059995508622,0.0243049300383031,0.0245770087131133
100,"Intensive",0.25,"AGE",1000,"type_one",-0.0826235867780269,2.42294924783448e-150,0.0686211912756571
100,"Intensive",0.25,"AGE",1000,"type_one",-0.213682704117673,1.42360552252598e-150,0.61776666610801
100,"Intensive",0.25,"AGE",1000,"type_one",-0.174406200649173,1.0919104337523e-150,0.28900514078319
100,"Intensive",0.25,"AGE",1000,"type_one",0.383300732110001,0.383023894550481,0.369442667532564
100,"Intensive",0.25,"AGE",1000,"type_one",0.00105598366371851,1.11768794895483e-150,0.00424970513694925
100,"Intensive",0.25,"AGE",1000,"type_one",0.870805574777478,0.87207038064296,0.833282676579241
100,"Intensive",0.25,"AGE",1000,"type_one",0.285616492737972,0.283923997517015,0.274224337661816
100,"Intensive",0.25,"AGE",1000,"type_one",2.19644257784148,2.22847665535753,2.08765435443608
100,"Intensive",0.25,"AGE",1000,"type_one",-0.137483846979194,3.60528274812833e-150,0.244990890626889
100,"Intensive",0.25,"AGE",1000,"type_one",-0.245113233221673,4.62588645405775e-150,0.911937982909244
100,"Intensive",0.25,"AGE",1000,"type_one",-0.00842278806067043,1.34771896666044e-150,0.00045607487084604
100,"Intensive",0.25,"AGE",1000,"type_one",-0.198932055181103,1.87269011396129e-150,0.678668426484004
100,"Intensive",0.25,"AGE",1000,"type_one",-0.0863606724005876,1.1294233255094e-150,0.131763102316705
100,"Intensive",0.25,"AGE",1000,"type_one",0.033665379825834,0.0316466093683762,0.0324747357122416
100,"Intensive",0.25,"AGE",1000,"type_one",1.12373837213818,1.13119929781468,1.07622183229651
100,"Intensive",0.25,"AGE",1000,"type_one",-0.110474192477341,1.38634594218474e-150,0.188687596065679
100,"Intensive",0.25,"AGE",1000,"type_one",5.08218852352275,5.18660841986497,4.76737592057076
100,"Intensive",0.25,"AGE",1000,"type_one",-0.0503479858498395,1.626556964934e-150,0.022329611218309
100,"Intensive",0.25,"AGE",1000,"type_one",2.10974935458398,2.11341969023284,2.00811102783978
100,"Intensive",0.25,"AGE",1000,"type_one",-0.210449351816351,1.51368980083481e-150,0.41688622403474
100,"Intensive",0.25,"AGE",1000,"type_one",-0.206562793403464,2.03711873475021e-150,0.49037083872409
100,"Intensive",0.25,"AGE",1000,"type_one",-0.277181397891582,1.59144687322714e-150,1.22038189453604
100,"Intensive",0.25,"AGE",1000,"type_one",-0.0481775657981416,2.03318183674538e-150,0.0286030767621527
100,"Intensive",0.25,"AGE",1000,"type_one",-0.229807609725867,1.19810912221336e-150,0.884436755169754
100,"Intensive",0.25,"AGE",1000,"type_one",-0.12460339460722,2.15437188261286e-150,0.256514894069563
100,"Intensive",0.25,"AGE",1000,"type_one",0.164199785785968,0.160460399431162,0.158037582412373
100,"Intensive",0.25,"AGE",1000,"type_one",2.33939778023341,2.36025873911805,2.22463012799058
100,"Intensive",0.25,"AGE",1000,"type_one",-0.522261827515649,1.10553448643611e-150,4.2434564270832
100,"Intensive",0.25,"AGE",1000,"type_one",-0.19402418898062,1.66415065636048e-150,0.392942870757571
100,"Intensive",0.25,"AGE",1000,"type_one",1.37034385409061,1.37541283709522,1.31653452135146
100,"Intensive",0.25,"AGE",1000,"type_one",-0.340619971157139,2.23841914799582e-150,1.8472432462234
100,"Intensive",0.25,"AGE",1000,"type_one",0.328820205803822,0.326641967274117,0.315885101103392
100,"Intensive",0.25,"AGE",1000,"type_one",1.80881547518675,1.81979246259795,1.72364742166031
100,"Intensive",0.25,"AGE",1000,"type_one",3.92780222767487,3.98886060150133,3.71595946893498
100,"Intensive",0.25,"AGE",1000,"type_one",-0.160785686882264,2.3694294848532e-150,0.426725620637945
100,"Intensive",0.25,"AGE",1000,"type_one",0.724270442831767,0.722307635860074,0.695798208156837
100,"Intensive",0.25,"AGE",1000,"type_one",-0.424602129190134,1.97936522407244e-150,2.57864693852484
100,"Intensive",0.25,"AGE",1000,"type_one",-0.0360644117399715,1.04758134951264e-150,0.00637785257412209
100,"Intensive",0.25,"AGE",1000,"type_one",-0.0945159280299777,2.36642700632987e-150,0.0985862297432773
100,"Intensive",0.25,"AGE",1000,"type_one",0.520132610810833,0.514243671855389,0.498400304312604
100,"Intensive",0.25,"AGE",1000,"type_one",-0.27802877169961,1.22997172104122e-150,0.897005518038191
100,"Intensive",0.25,"AGE",1000,"type_one",0.488146387243432,0.490163063545181,0.468899050674649
100,"Intensive",0.25,"AGE",1000,"type_one",-0.0871639568858882,1.62756146593597e-150,0.0556094754053236
100,"Intensive",0.25,"AGE",1000,"type_one",0.104994216829255,0.106183199692191,0.101064919147857
100,"Intensive",0.25,"AGE",1000,"type_one",2.75667213651377,2.78242998687086,2.61701265171392
100,"Intensive",0.25,"AGE",1000,"type_one",0.0968622442896958,0.0976547677808724,0.093340886646837
100,"Intensive",0.25,"AGE",1000,"type_one",-0.329877728479005,2.31590746990894e-150,1.60806080050662
100,"Intensive",0.25,"AGE",1000,"type_one",-0.402839404127008,1.580704418554e-150,2.59453501956519
100,"Intensive",0.25,"AGE",1000,"type_one",-0.000825105364128831,1.09937401969657e-150,0.00265117492792593
100,"Intensive",0.25,"AGE",1000,"type_one",-0.381574747843842,2.14821262488257e-150,2.24723651929885
100,"Intensive",0.25,"AGE",1000,"type_one",0.890250935087352,0.893204712075167,0.851187125009892
100,"Intensive",0.25,"AGE",1000,"type_one",-0.297841671278547,1.22826565856143e-150,1.29654227108119
100,"Intensive",0.25,"AGE",1000,"type_one",0.0868872766759523,0.0851717283009278,0.0836296129281751
100,"Intensive",0.25,"AGE",1000,"type_one",0.241053819205263,0.23722096960611,0.231774676064233
100,"Intensive",0.25,"AGE",1000,"type_one",1.79251471858788,1.80354356631282,1.71210686884673
100,"Intensive",0.25,"AGE",1000,"type_one",0.300597645457856,0.302150753188655,0.289136566400299
100,"Intensive",0.25,"AGE",1000,"type_one",-0.044784003800487,1.12317903798749e-150,0.0107591516673329
100,"Intensive",0.25,"AGE",1000,"type_one",-0.126281980104068,1.16043412609045e-150,0.199735450261733
100,"Intensive",0.25,"AGE",1000,"type_one",0.282998415867951,0.283926954711309,0.27238930890397
100,"Intensive",0.25,"AGE",1000,"type_one",-0.233987843059367,1.10234709915569e-150,0.791383946922754
100,"Intensive",0.25,"AGE",1000,"type_one",-0.150811472518399,1.14009205309986e-150,0.257770848985079
100,"Intensive",0.25,"AGE",1000,"type_one",2.3277871348655,2.3412906264201,2.2080365787411
100,"Intensive",0.25,"AGE",1000,"type_one",-0.292153716062785,1.82035517223041e-150,0.817285390868597
100,"Intensive",0.25,"AGE",1000,"type_one",0.223444102769463,0.222040802443297,0.214619783694288
100,"Intensive",0.25,"AGE",1000,"type_one",-0.0704951540155889,1.30563596101574e-150,0.0497995840342418
100,"Intensive",0.25,"AGE",1000,"type_one",0.720770629534854,0.727014873538079,0.691145427462203
100,"Intensive",0.25,"AGE",1000,"type_one",-0.00599993069045013,1.13669356837706e-150,0.0010603889425634
100,"Intensive",0.25,"AGE",1000,"type_one",-0.16534039088674,1.79860010786464e-150,0.381226654999399
100,"Intensive",0.25,"AGE",1000,"type_one",0.339538570035074,0.334387431252861,0.326452862848246
100,"Intensive",0.25,"AGE",1000,"type_one",0.00998403040375706,1.3840439658184e-150,0.0103004325132379
100,"Intensive",0.25,"AGE",1000,"type_one",-0.168694945488824,2.58772370787538e-150,0.397693824288859
100,"Intensive",0.25,"AGE",1000,"type_one",-0.137429131846147,1.96875356404639e-150,0.413462417994282
100,"Intensive",0.25,"AGE",1000,"type_one",-0.172987062407628,1.84912274761096e-150,0.339451869548502
100,"Intensive",0.25,"AGE",1000,"type_one",-0.0707661043325061,1.87599010953473e-150,0.0610139061381299
100,"Intensive",0.25,"AGE",1000,"type_one",-0.0664287289337153,1.16734264893258e-150,0.0328776016953718
100,"Intensive",0.25,"AGE",1000,"type_one",-0.48264472322353,3.45169110212281e-150,4.02122865239212
100,"Intensive",0.25,"AGE",1000,"type_one",1.23266611064537,1.23926374240677,1.17913095248138
100,"Intensive",0.25,"AGE",1000,"type_one",-0.290611578100652,2.04301051408563e-150,1.13958380391613
100,"Intensive",0.25,"AGE",1000,"type_one",-0.0999992845290762,3.46495239164123e-150,0.115456752127503
100,"Intensive",0.25,"AGE",1000,"type_one",-0.226583837858925,2.06976204270731e-150,0.678569434272859
100,"Intensive",0.25,"AGE",1000,"type_one",0.2431392831013,0.245904827357973,0.233906601192188
100,"Intensive",0.25,"AGE",1000,"type_one",0.0673177687267525,0.0663912458174665,0.0649045903066918
100,"Intensive",0.25,"AGE",1000,"type_one",1.35173539713014,1.35662282181917,1.29517183234884
100,"Intensive",0.25,"AGE",1000,"type_one",0.879041488145958,0.882426453505187,0.842505733762229
100,"Intensive",0.25,"AGE",1000,"type_one",-0.20058376020279,1.46050780730666e-150,0.57835547997471
100,"Intensive",0.25,"AGE",1000,"type_one",-0.0672366580811286,1.62186228916443e-150,0.0373923194734028
100,"Intensive",0.25,"AGE",1000,"type_one",0.0392873907758258,0.0374950937689748,0.0378358414940313
100,"Intensive",0.25,"AGE",1000,"type_one",-0.0490040076256264,3.17100438170775e-150,0.0235649802538312
100,"Intensive",0.25,"AGE",1000,"type_one",-0.234489023840979,2.70955160664754e-150,0.696959773966671
100,"Intensive",0.25,"AGE",1000,"type_one",5.53882712717132,5.60512465870437,5.18481139129271
100,"Intensive",0.25,"AGE",1000,"type_one",1.07351067133186,1.07904851058496,1.02872136016459
100,"Intensive",0.25,"AGE",1000,"type_one",0.217355823197067,0.214950620300455,0.209017496114846
100,"Intensive",0.25,"AGE",1000,"type_one",0.0356155997942551,0.0338074175872001,0.034318082396241
100,"Intensive",0.25,"AGE",1000,"type_one",0.969264337526511,0.972796121903648,0.928555069766694
100,"Intensive",0.25,"AGE",1000,"type_one",-0.0204226776450014,1.50494515108118e-150,4.71066729505649e-05
100,"Intensive",0.25,"AGE",1000,"type_one",0.666974658037361,0.671416228465812,0.640734255791738
100,"Intensive",0.25,"AGE",1000,"type_one",-0.0773906583053758,1.59027104171406e-150,0.0643079579479901
100,"Intensive",0.25,"AGE",1000,"type_one",0.0371986148529686,0.0371794577434877,0.0359901255238241
100,"Intensive",0.25,"AGE",1000,"type_one",1.05261739213529,1.06075666054719,1.00916949042674
100,"Intensive",0.25,"AGE",1000,"type_one",-0.39395506623714,1.88083524231178e-150,2.40345904191338
100,"Intensive",0.25,"AGE",1000,"type_one",-0.292485741031669,1.71519562968373e-150,1.33996424874107
100,"Intensive",0.25,"AGE",1000,"type_one",3.39919871871916,3.43877545040252,3.21557955425295
100,"Intensive",0.25,"AGE",1000,"type_one",0.465032991031876,0.466668091836504,0.447306371020946
100,"Intensive",0.25,"AGE",1000,"type_one",-0.000839310135233973,1.3555571384502e-150,0.00505284940356129
100,"Intensive",0.25,"AGE",1000,"type_one",1.65333450321941,1.66855564769551,1.57000807554954
100,"Intensive",0.25,"AGE",1000,"type_one",-0.296386990880819,2.28729661565428e-150,1.43315691313071
100,"Intensive",0.25,"AGE",1000,"type_one",0.167153266927926,0.167306339340164,0.160767631180626
100,"Intensive",0.25,"AGE",1000,"type_one",-0.59985012762354,1.06845763603469e-150,4.98597229841081
100,"Intensive",0.25,"AGE",1000,"type_one",0.189707783280937,0.189837383036384,0.182836273835432
100,"Intensive",0.25,"AGE",1000,"type_one",0.629051866998452,0.626396313151249,0.603592205188051
100,"Intensive",0.25,"AGE",1000,"type_one",1.96850878821988,1.98829055733057,1.87858026001744
100,"Intensive",0.25,"AGE",1000,"type_one",3.14120009943599,3.16819753511827,2.97873453491344
100,"Intensive",0.25,"AGE",1000,"type_one",-0.218089560542467,1.88392405679843e-150,0.740251345399826
100,"Intensive",0.25,"AGE",1000,"type_one",-0.20495214462062,1.58313577067284e-150,0.615887750567153
100,"Intensive",0.25,"AGE",1000,"type_one",1.97430910281764,1.99815421417708,1.88059630409959
100,"Intensive",0.25,"AGE",1000,"type_one",-0.274618406796435,1.3477659054201e-150,0.644531493610875
100,"Intensive",0.25,"AGE",1000,"type_one",3.35646987912696,3.40851779025348,3.17377381749749
100,"Intensive",0.25,"AGE",1000,"type_one",-0.040355917603847,1.89710280964077e-150,0.00975838078096897
100,"Intensive",0.25,"AGE",1000,"type_one",2.2082467418104,2.2261777056835,2.09819606208959
100,"Intensive",0.25,"AGE",1000,"type_one",0.0102402496249852,1.03547899693309e-150,0.0104085576098687
100,"Intensive",0.25,"AGE",1000,"type_one",-0.53488527560603,3.35586161085702e-150,3.17021152852407
100,"Intensive",0.25,"AGE",1000,"type_one",-0.0451210258333958,3.6371324097536e-150,0.0223834560911751
100,"Intensive",0.25,"AGE",1000,"type_one",-0.0292387650297314,2.27261049688884e-150,0.00378928915388511
100,"Intensive",0.25,"AGE",1000,"type_one",-0.049845102663312,1.50479008145848e-150,0.0204748521728823
100,"Intensive",0.25,"AGE",1000,"type_one",0.00991924044683401,1.4790675544535e-150,0.00985255352388302
100,"Intensive",0.25,"AGE",1000,"type_one",0.51283947621414,0.513374345284359,0.493078188065661
100,"Intensive",0.25,"AGE",1000,"type_one",-0.196974532858803,3.94619692589272e-150,0.47499197523304
100,"Intensive",0.25,"AGE",1000,"type_one",-0.0125215645193748,1.43531246738447e-150,0.00022309963484695
100,"Intensive",0.25,"AGE",1000,"type_one",-0.213002225187665,1.67821910892336e-150,0.573693465414699
100,"Intensive",0.25,"AGE",1000,"type_one",-0.149674702191987,1.77140916218149e-150,0.29123711166099
100,"Intensive",0.25,"AGE",1000,"type_one",0.0017891378602144,1.71504289052366e-150,0.00448174213346402
100,"Intensive",0.25,"AGE",1000,"type_one",0.249852590583941,0.248711003357307,0.240637251340725
100,"Intensive",0.25,"AGE",1000,"type_one",-0.10322430274573,2.88266702637424e-150,0.109423268736583
100,"Intensive",0.25,"AGE",1000,"type_one",0.474570361652695,0.475971328916339,0.45601511418988
100,"Intensive",0.25,"AGE",1000,"type_one",-0.459754627256189,1.32116026825107e-150,2.39595192601124
100,"Intensive",0.25,"AGE",1000,"type_one",-0.517592540981241,1.95064210687271e-150,4.33956608914533
100,"Intensive",0.25,"AGE",1000,"type_one",0.0143533196178396,0.0153826366916359,0.0138312090068305
100,"Intensive",0.25,"AGE",1000,"type_one",-0.48186673001419,1.2293308497876e-150,3.47271089019774
100,"Intensive",0.25,"AGE",1000,"type_one",-0.229715317202135,1.27497951518832e-150,0.912396020775655
100,"Intensive",0.25,"AGE",1000,"type_one",-0.0608947305445326,1.09601583404315e-150,0.0251208480771726
100,"Intensive",0.25,"AGE",1000,"type_one",-0.0675977549171876,2.0549181442715e-150,0.0445237570970169
100,"Intensive",0.25,"AGE",1000,"type_one",0.212688655229613,0.206545331372808,0.204814203016332
100,"Intensive",0.25,"AGE",1000,"type_one",0.278984538012992,0.276034614488604,0.268654035192851
100,"Intensive",0.25,"AGE",1000,"type_one",1.88223002070299,1.90085989652211,1.79031506453373
100,"Intensive",0.25,"AGE",1000,"type_one",-0.0313535305276673,1.71126237238297e-150,0.002831568597544
100,"Intensive",0.25,"AGE",1000,"type_one",-0.0968227086123079,2.40988496882236e-150,0.154563524305844
100,"Intensive",0.25,"AGE",1000,"type_one",0.188106070471804,0.186971154907831,0.181413964852552
100,"Intensive",0.25,"AGE",1000,"type_one",-0.465277170945228,1.46646357272428e-150,3.55903937081651
100,"Intensive",0.25,"AGE",1000,"type_one",0.193375449093764,0.195962567533902,0.186017002357365
100,"Intensive",0.25,"AGE",1000,"type_one",0.751377350896291,0.7507468953634,0.721048050642712
100,"Intensive",0.25,"AGE",1000,"type_one",-0.0507417302114845,2.0351488577972e-150,0.020888404791457
100,"Intensive",0.25,"AGE",1000,"type_one",0.00483441745745949,1.46374674732449e-150,0.00593335780369483
100,"Intensive",0.25,"AGE",1000,"type_one",1.93539123762457,1.94900857754791,1.83989164182772
100,"Intensive",0.25,"AGE",1000,"type_one",-0.0964911086321081,1.33164877219491e-150,0.140518547126292
100,"Intensive",0.25,"AGE",1000,"type_one",0.0264072139270866,0.0272981724741627,0.025447207781905
100,"Intensive",0.25,"AGE",1000,"type_one",-0.223260986428613,1.43464207028818e-150,0.734375681763285
100,"Intensive",0.25,"AGE",1000,"type_one",-0.384967796476303,4.56814961889141e-150,2.66329623134756
100,"Intensive",0.25,"AGE",1000,"type_one",-0.189041085191093,2.47703942733678e-150,0.40035026874078
100,"Intensive",0.25,"AGE",1000,"type_one",-0.206329314191862,1.99952367154742e-150,0.61107921247091
100,"Intensive",0.25,"AGE",1000,"type_one",-0.443943592180403,2.19995994541903e-150,2.77043723360421
100,"Intensive",0.25,"AGE",1000,"type_one",-0.0736915479392337,1.92445510715369e-150,0.0535272553954618
100,"Intensive",0.25,"AGE",1000,"type_one",0.308009307470456,0.307112743977356,0.296448748265434
100,"Intensive",0.25,"AGE",1000,"type_one",2.13534224210434,2.16671384826366,2.03209457291376
100,"Intensive",0.25,"AGE",1000,"type_one",-0.500872675764185,1.49257479348961e-150,2.66281588235023
100,"Intensive",0.25,"AGE",1000,"type_one",-0.186696745601694,1.68151113411698e-150,0.589623103369289
100,"Intensive",0.25,"AGE",1000,"type_one",0.413801646651336,0.415687795839233,0.397325580052568
100,"Intensive",0.25,"AGE",1000,"type_one",-0.471993082721383,1.1142643857245e-150,2.92071067750982
100,"Intensive",0.25,"AGE",1000,"type_one",-0.103590229841757,3.6584652748641e-150,0.123765630074674
100,"Intensive",0.25,"AGE",1000,"type_one",0.392136061208475,0.39103521889005,0.377163559087698
100,"Intensive",0.25,"AGE",1000,"type_one",9.01325078712125,9.35919763274102,8.31134897825577
100,"Intensive",0.25,"AGE",1000,"type_one",-0.147538087144312,1.69084294920776e-150,0.314736212520799
100,"Intensive",0.25,"AGE",1000,"type_one",0.159874371570368,0.164101138425995,0.153795864162878
100,"Intensive",0.25,"AGE",1000,"type_one",-0.0204885969269526,2.3132453415719e-150,0.00133477349915822
100,"Intensive",0.25,"AGE",1000,"type_one",0.0117705978327649,1.05789437909394e-150,0.0119861893355747
100,"Intensive",0.25,"AGE",1000,"type_one",0.613509695665016,0.61044919099518,0.587883139235362
100,"Intensive",0.25,"AGE",1000,"type_one",0.0330351417869679,0.0334970184283572,0.0317901018631321
100,"Intensive",0.25,"AGE",1000,"type_one",-0.116315880205548,2.065130576786e-150,0.163254075806441
100,"Intensive",0.25,"AGE",1000,"type_one",-0.0845469602072626,1.03715428319934e-150,0.0560559201733803
100,"Intensive",0.25,"AGE",1000,"type_one",0.338087572251425,0.331980027693115,0.32342566552302
100,"Intensive",0.25,"AGE",1000,"type_one",0.352390965253107,0.343025276925518,0.338933493563108
100,"Intensive",0.25,"AGE",1000,"type_one",-0.0111902905455281,1.07971373757551e-150,0.000685639514267504
100,"Intensive",0.25,"AGE",1000,"type_one",-0.0310624905969235,1.50016381420411e-150,0.00687014060085192
100,"Intensive",0.25,"AGE",1000,"type_one",0.00564028810185846,1.14587192864189e-150,0.00680995103126059
100,"Intensive",0.25,"AGE",1000,"type_one",-0.162356633054515,1.98302948796159e-150,0.420590069835533
100,"Intensive",0.25,"AGE",1000,"type_one",-0.128282994824076,1.08314149804261e-150,0.19087784616091
100,"Intensive",0.25,"AGE",1000,"type_one",-0.317822465374775,1.20812788521e-150,1.59626950341168
100,"Intensive",0.25,"AGE",1000,"type_one",0.178441126676262,0.176575851647725,0.17162617305392
100,"Intensive",0.25,"AGE",1000,"type_one",-0.143964115761264,1.30583291112066e-150,0.264174778480418
100,"Intensive",0.25,"AGE",1000,"type_one",-0.0993136050692556,1.18123565304648e-150,0.121269748519275
100,"Intensive",0.25,"AGE",1000,"type_one",-0.20637441011695,1.47969373436402e-150,0.759839062174412
100,"Intensive",0.25,"AGE",1000,"type_one",1.59047220221237,1.60567662998955,1.52026744927904
100,"Intensive",0.25,"AGE",1000,"type_one",0.141023203925215,0.140790413572182,0.13562230615945
100,"Intensive",0.25,"AGE",1000,"type_one",-0.443885335623236,1.02063805027587e-150,2.30320119960988
100,"Intensive",0.25,"AGE",1000,"type_one",1.32030140344614,1.32079035094162,1.26396906644774
100,"Intensive",0.25,"AGE",1000,"type_one",2.61563034380652,2.64493120696686,2.48538548950762
100,"Intensive",0.25,"AGE",1000,"type_one",-0.138488928681909,1.402714823732e-150,0.253970227900416
100,"Intensive",0.25,"AGE",1000,"type_one",0.0371496599891543,0.0419037898491007,0.0358383093115419
100,"Intensive",0.25,"AGE",1000,"type_one",-0.231710203509465,2.24885743533556e-150,0.816028254418174
100,"Intensive",0.25,"AGE",1000,"type_one",0.0605122707456758,0.0621854000420306,0.0582886000120622
100,"Intensive",0.25,"AGE",1000,"type_one",0.360194851560664,0.363030273015738,0.34692949169941
100,"Intensive",0.25,"AGE",1000,"type_one",0.735366300449641,0.737482461892248,0.705508307949215
100,"Intensive",0.25,"AGE",1000,"type_one",14.1256463622503,14.8806179750887,12.7649908637909
100,"Intensive",0.25,"AGE",1000,"type_one",-0.0609019010053089,1.08785301852534e-150,0.0316743809137031
100,"Intensive",0.25,"AGE",1000,"type_one",2.13645143289068,2.14039953197614,2.03918934256381
100,"Intensive",0.25,"AGE",1000,"type_one",-0.205795658318493,2.37038535379602e-150,0.454703946940689
100,"Intensive",0.25,"AGE",1000,"type_one",-0.246032208047836,1.57614339049859e-150,0.989068508122034
100,"Intensive",0.25,"AGE",1000,"type_one",-0.0455733036633319,1.26797156268011e-150,0.0123260526914169
100,"Intensive",0.25,"AGE",1000,"type_one",-0.127137376029168,1.74691096229868e-150,0.169516985145709
100,"Intensive",0.25,"AGE",1000,"type_one",-0.185437503274443,3.35683314358735e-150,0.490161359797297
100,"Intensive",0.25,"AGE",1000,"type_one",3.5438750807416,3.6023333808952,3.34599696900978
100,"Intensive",0.25,"AGE",1000,"type_one",-0.174660452544231,1.65241435900363e-150,0.351616849090971
100,"Intensive",0.25,"AGE",1000,"type_one",-0.351248968643631,1.10241423050468e-150,1.95325650523533
100,"Intensive",0.25,"AGE",1000,"type_one",0.554248946202279,0.556718734173597,0.532398882622719
100,"Intensive",0.25,"AGE",1000,"type_one",-0.0072033023716358,1.75816788507839e-150,0.00156049409149056
100,"Intensive",0.25,"AGE",1000,"type_one",-0.101982875758949,3.71476568042307e-150,0.0928539483392177
100,"Intensive",0.25,"AGE",1000,"type_one",0.0693631890553661,0.0678826127351452,0.0668600484050292
100,"Intensive",0.25,"AGE",1000,"type_one",0.205381998718622,0.203377051613985,0.197708913717207
100,"Intensive",0.25,"AGE",1000,"type_one",0.0999146426966036,0.100288406682122,0.0960941623401553
100,"Intensive",0.25,"AGE",1000,"type_one",3.58590483766329,3.64526775253818,3.3899217087054
100,"Intensive",0.25,"AGE",1000,"type_one",0.0169041347062375,0.0174668896688793,0.0163242310158407
100,"Intensive",0.25,"AGE",1000,"type_one",1.31674325459971,1.32211758064825,1.2601258890186
100,"Intensive",0.25,"AGE",1000,"type_one",-0.0454262375087637,1.22385351283708e-150,0.0154013229927389
100,"Intensive",0.25,"AGE",1000,"type_one",0.329343255925778,0.328430881162081,0.31675868775484
100,"Intensive",0.25,"AGE",1000,"type_one",0.417767776368237,0.418179900246346,0.401633443179351
100,"Intensive",0.25,"AGE",1000,"type_one",-0.36865673608645,1.13383405433941e-150,2.04409147360208
100,"Intensive",0.25,"AGE",1000,"type_one",0.377883053793084,0.378177794809144,0.362146402721663
100,"Intensive",0.25,"AGE",1000,"type_one",-0.298241583282106,3.7948817501797e-150,1.54204651465085
100,"Intensive",0.25,"AGE",1000,"type_one",1.18442184203832,1.18253406313287,1.13520045714536
100,"Intensive",0.25,"AGE",1000,"type_one",-0.119341566291951,1.72997233651973e-150,0.132458746995974
100,"Intensive",0.25,"AGE",1000,"type_one",1.37445413164733,1.38022123679968,1.31225571903729
100,"Intensive",0.25,"AGE",1000,"type_one",-0.00836501476442209,1.34087350023875e-150,0.000908366741524843
100,"Intensive",0.25,"AGE",1000,"type_one",-0.121517486804805,1.58097870958278e-150,0.189025845473634
100,"Intensive",0.25,"AGE",1000,"type_one",-0.257214657800432,1.45502342095619e-150,0.989668272040606
100,"Intensive",0.25,"AGE",1000,"type_one",0.598333172855746,0.592751840228071,0.573812840863665
100,"Intensive",0.25,"AGE",1000,"type_one",-0.0132139587576603,1.24066446238444e-150,1.40837825419054e-05
100,"Intensive",0.25,"AGE",1000,"type_one",1.43129144449176,1.43927318827854,1.37051604442416
100,"Intensive",0.25,"AGE",1000,"type_one",-0.116624593581946,1.56983824719055e-150,0.189132428792739
100,"Intensive",0.25,"AGE",1000,"type_one",-0.0837427278620453,1.54823128832939e-150,0.0616545525188003
100,"Intensive",0.25,"AGE",1000,"type_one",-0.174577180807319,2.66619151345061e-150,0.258057137703602
100,"Intensive",0.25,"AGE",1000,"type_one",-0.452812367304432,1.10860263953676e-150,3.33312863110566
100,"Intensive",0.25,"AGE",1000,"type_one",-0.152615558732577,1.58956937475704e-150,0.236091018937578
100,"Intensive",0.25,"AGE",1000,"type_one",0.0545432907792929,0.0529435024377216,0.0525776965475039
100,"Intensive",0.25,"AGE",1000,"type_one",1.8091131819283,1.82146043911166,1.72266710149862
100,"Intensive",0.25,"AGE",1000,"type_one",-0.773601469518326,2.46458792399861e-150,9.36390150334097
100,"Intensive",0.25,"AGE",1000,"type_one",0.822866832442742,0.823703418167799,0.787296859188321
100,"Intensive",0.25,"AGE",1000,"type_one",-0.495730709378222,2.58297642719128e-150,3.745804968403
100,"Intensive",0.25,"AGE",1000,"type_one",0.165754628420473,0.168828306092636,0.159715699237458
100,"Intensive",0.25,"AGE",1000,"type_one",-0.283967931330153,1.36424434353581e-150,0.962270611507674
100,"Intensive",0.25,"AGE",1000,"type_one",1.26016820005589,1.2700402831709,1.20764580025542
100,"Intensive",0.25,"AGE",1000,"type_one",0.434710559303312,0.440294523425097,0.418780860112106
100,"Intensive",0.25,"AGE",1000,"type_one",-0.279399068439488,1.968770138569e-150,1.13358768162891
100,"Intensive",0.25,"AGE",1000,"type_one",0.111409515507148,0.11075778732264,0.107323388089773
100,"Intensive",0.25,"AGE",1000,"type_one",0.653486196083577,0.654010909142207,0.627702573950785
100,"Intensive",0.25,"AGE",1000,"type_one",-0.0534564574891192,1.7865186192444e-150,0.0204371762251087
100,"Intensive",0.25,"AGE",1000,"type_one",-0.515671717720579,1.41206471621664e-150,4.2263471708884
100,"Intensive",0.25,"AGE",1000,"type_one",-0.334189285545108,4.60868250686607e-150,1.50543667238442
100,"Intensive",0.25,"AGE",1000,"type_one",-0.152711773838746,3.59914328738758e-150,0.300104184738571
100,"Intensive",0.25,"AGE",1000,"type_one",0.634147510733783,0.632598228047384,0.608841189839494
100,"Intensive",0.25,"AGE",1000,"type_one",0.0155889193592884,1.10644172236454e-150,0.0152105058458553
100,"Intensive",0.25,"AGE",1000,"type_one",1.43805216272904,1.43626667960045,1.378109424774
100,"Intensive",0.25,"AGE",1000,"type_one",2.49952125617983,2.5234333174397,2.37298566610721
100,"Intensive",0.25,"AGE",1000,"type_one",2.7856404290751,2.82299231417944,2.6400355104258
100,"Intensive",0.25,"AGE",1000,"type_one",-0.387889111295408,1.34968309982093e-150,2.02389774722354
100,"Intensive",0.25,"AGE",1000,"type_one",0.288914571200621,0.287452187138877,0.279109018236329
100,"Intensive",0.25,"AGE",1000,"type_one",-0.260940601661787,1.22796351641841e-150,1.04637885976328
100,"Intensive",0.25,"AGE",1000,"type_one",-0.373764811480214,2.06402110096115e-150,2.10868085939944
100,"Intensive",0.25,"AGE",1000,"type_one",-0.100426532913843,1.82365564980912e-150,0.0985333940181053
100,"Intensive",0.25,"AGE",1000,"type_one",-0.570230709436146,3.44085340250145e-150,4.94972841626647
100,"Intensive",0.25,"AGE",1000,"type_one",0.181139316325243,0.181276201894328,0.174315489467854
100,"Intensive",0.25,"AGE",1000,"type_one",1.14200298764808,1.14614043140672,1.09734979469917
100,"Intensive",0.25,"AGE",1000,"type_one",0.117834286733341,0.115123426905134,0.113476087843816
100,"Intensive",0.25,"AGE",1000,"type_one",-0.401494841978092,3.31742811051998e-150,1.61848045742642
100,"Intensive",0.25,"AGE",1000,"type_one",0.127119343396771,0.125259727713525,0.122286047372327
100,"Intensive",0.25,"AGE",1000,"type_one",0.236024115318287,0.232986964252177,0.227318359405896
100,"Intensive",0.25,"AGE",1000,"type_one",1.29516593799872,1.3005621055012,1.23745403557577
100,"Intensive",0.25,"AGE",1000,"type_one",0.000972846074546396,1.1873393873488e-150,0.00380220346287042
100,"Intensive",0.25,"AGE",1000,"type_one",0.735588991527948,0.737916096502116,0.705951194546141
100,"Intensive",0.25,"AGE",1000,"type_one",3.69508137465436,3.7456936507278,3.49550770255988
100,"Intensive",0.25,"AGE",1000,"type_one",1.30137530889806,1.3082874919474,1.2414382468957
100,"Intensive",0.25,"AGE",1000,"type_one",1.57326549089066,1.58427146161137,1.50485961016693
100,"Intensive",0.25,"AGE",1000,"type_one",-0.305798765001782,1.17708958371983e-150,1.84126737513869
100,"Intensive",0.25,"AGE",1000,"type_one",0.539914841479913,0.538926422100473,0.517837642563021
100,"Intensive",0.25,"AGE",1000,"type_one",-0.105387668389994,1.29454784548775e-150,0.0893325823019168
100,"Intensive",0.25,"AGE",1000,"type_one",-0.573424944880571,2.98172352841453e-150,5.43399811037482
100,"Intensive",0.25,"AGE",1000,"type_one",2.6365148913419,2.65885556771303,2.50748668444472
100,"Intensive",0.25,"AGE",1000,"type_one",2.75465471841926,2.7725505329594,2.61374666809542
100,"Intensive",0.25,"AGE",1000,"type_one",0.879568083461891,0.879269191853452,0.844721486304923
100,"Intensive",0.25,"AGE",1000,"type_one",1.67965345179982,1.68764852920914,1.60656710610897
100,"Intensive",0.25,"AGE",1000,"type_one",-0.187549876030062,2.51553981638679e-150,0.558075521422251
100,"Intensive",0.25,"AGE",1000,"type_one",0.164495986925431,0.162274658754538,0.158519468815824
100,"Intensive",0.25,"AGE",1000,"type_one",0.442658022235264,0.444826019274236,0.425596511674447
100,"Intensive",0.25,"AGE",1000,"type_one",-0.524716095793337,1.73951830437872e-150,3.78411206847527
100,"Intensive",0.25,"AGE",1000,"type_one",0.371696197477831,0.376037220801228,0.358000346978927
100,"Intensive",0.25,"AGE",1000,"type_one",-0.554109428817355,2.3262898061228e-150,5.52882482971091
100,"Intensive",0.25,"AGE",1000,"type_one",0.309715806346503,0.308821247348771,0.297611229784455
100,"Intensive",0.25,"AGE",1000,"type_one",-0.162013639316683,1.46577833385353e-150,0.347390468283239
100,"Intensive",0.25,"AGE",1000,"type_one",-0.154178583855355,1.27910110155239e-150,0.245203975489661
100,"Intensive",0.25,"AGE",1000,"type_one",5.12700294207934,5.18577622929129,4.81926358232704
100,"Intensive",0.25,"AGE",1000,"type_one",0.149982447092952,0.150670343628921,0.144488970877906
100,"Intensive",0.25,"AGE",1000,"type_one",0.0627200344924859,0.0613467591893033,0.0603704594174148
100,"Intensive",0.25,"AGE",1000,"type_one",1.36204575460215,1.36390993449287,1.30220906644335
100,"Intensive",0.25,"AGE",1000,"type_one",-0.187787354808279,1.15339101197114e-150,0.375034799974951
100,"Intensive",0.25,"AGE",1000,"type_one",-0.26068963189573,1.32092340403598e-150,1.21001023740428
100,"Intensive",0.25,"AGE",1000,"type_one",-0.192841291408513,1.69295121963402e-150,0.425025320783111
100,"Intensive",0.25,"AGE",1000,"type_one",-0.391203599191613,6.64428859195083e-150,2.27997531894555
100,"Intensive",0.25,"AGE",1000,"type_one",1.05846763924546,1.05566490803368,1.01417592085865
100,"Intensive",0.25,"AGE",1000,"type_one",-0.121256710396665,1.44321715665883e-150,0.187750742075587
100,"Intensive",0.25,"AGE",1000,"type_one",3.01915788017322,3.05874111032296,2.85469028145928
100,"Intensive",0.25,"AGE",1000,"type_one",-0.206709842907912,1.47683597768122e-150,0.425301075550293
100,"Intensive",0.25,"AGE",1000,"type_one",-0.261852673192152,2.5566691099664e-150,0.968004464405748
100,"Intensive",0.25,"AGE",1000,"type_one",0.616001686922573,0.616581617973962,0.590432918304207
100,"Intensive",0.25,"AGE",1000,"type_one",-0.0384634162355724,1.11236607027062e-150,0.00916015835911292
100,"Intensive",0.25,"AGE",1000,"type_one",0.451618987467555,0.453398887480032,0.433706703825346
100,"Intensive",0.25,"AGE",1000,"type_one",0.256496328149296,0.259828756600476,0.246328220640672
100,"Intensive",0.25,"AGE",1000,"type_one",-0.189176594940363,1.17634157812786e-150,0.559806173084735
100,"Intensive",0.25,"AGE",1000,"type_one",-0.260400275245956,1.44974091858442e-150,1.00451558528339
100,"Intensive",0.25,"AGE",1000,"type_one",1.02026668143208,1.016776459486,0.97984320489785
100,"Intensive",0.25,"AGE",1000,"type_one",-0.330230075974214,1.07637815634681e-150,1.74825026280065
100,"Intensive",0.25,"AGE",1000,"type_one",-0.05988069740215,2.02146811687781e-150,0.0381842474780171
100,"Intensive",0.25,"AGE",1000,"type_one",-0.160707222712517,1.10330603845232e-150,0.385461250982149
100,"Intensive",0.25,"AGE",1000,"type_one",0.462814848119706,0.463657277590072,0.442735119725369
100,"Intensive",0.25,"AGE",1000,"type_one",-0.45687019133311,2.20129840151704e-150,2.49915866825214
100,"Intensive",0.25,"AGE",1000,"type_one",-0.263289937797708,2.05425257277405e-150,0.981578875208853
100,"Intensive",0.25,"AGE",1000,"type_one",-0.327343601256871,1.19950044684949e-150,1.30641037797551
100,"Intensive",0.25,"AGE",1000,"type_one",0.437213846094892,0.438436810689862,0.420388322166037
100,"Intensive",0.25,"AGE",1000,"type_one",0.000666134242237604,1.03659892097434e-150,0.00416541452987713
100,"Intensive",0.25,"AGE",1000,"type_one",2.77971436354619,2.80785707535917,2.64057933284495
100,"Intensive",0.25,"AGE",1000,"type_one",-0.126054585312886,1.1477533986624e-150,0.204676439962715
100,"Intensive",0.25,"AGE",1000,"type_one",1.58809232282056,1.59862404862542,1.51390205428215
100,"Intensive",0.25,"AGE",1000,"type_one",0.159836917631765,0.15842598140635,0.154010096166584
100,"Intensive",0.25,"AGE",1000,"type_one",0.0412097883581737,0.0391702475713726,0.0396566049342379
100,"Intensive",0.25,"AGE",1000,"type_one",0.867022807562535,0.871404858486823,0.833216213550447
100,"Intensive",0.25,"AGE",1000,"type_one",-0.249246318297992,1.40923991898944e-150,0.987332434659877
100,"Intensive",0.25,"AGE",1000,"type_one",-0.176032337431934,1.81312168001542e-150,0.465726282557869
